source,title_clean,date,url,vader_sentiment,vader_score,topic_cluster,topic_label,counties_mentioned,commodities_mentioned
Kenya News Agency,Sugarcane farming cut to focus on food production,2026-05-07 09:14:26,https://www.kenyanews.go.ke/sugarcane-farming-cut-to-focus-on-food-production/,Negative,-0.2732,5,General Farming & Seeds,[],['Sugar']
Kenya News Agency,Coffee revival gains ground,2026-05-06 14:16:40,https://www.kenyanews.go.ke/coffee-revival-gains-ground/,Positive,0.34,5,General Farming & Seeds,[],['Coffee']
Kenya News Agency,Young Murang’a women opt for economic independence through farming,2026-05-06 10:14:25,https://www.kenyanews.go.ke/young-muranga-women-opt-for-economic-independence-through-farming/,Neutral,0.0,5,General Farming & Seeds,[],[]
Kenya News Agency,Rains choke tomato supply in Kisumu,2026-05-06 10:02:53,https://www.kenyanews.go.ke/rains-choke-tomato-supply-in-kisumu/,Negative,-0.5423,5,General Farming & Seeds,['Kisumu'],[]
Kenya News Agency,Kandie launches annual fruition programme to boost farmers’ livelihoods,2026-05-05 12:50:53,https://www.kenyanews.go.ke/kandie-launches-annual-fruition-programme-to-boost-farmers-livelihoods/,Positive,0.5574,1,Government Programmes,[],[]
Kenya News Agency,Registration delays slow livestock vaccination in Meru County,2026-05-05 12:10:05,https://www.kenyanews.go.ke/registration-delays-slow-livestock-vaccination-in-meru-county/,Neutral,0.0,0,Livestock & Disease,['Meru'],[]
Kenya News Agency,"Govt outlines reforms in education, health, economy sectors",2026-05-04 17:55:23,https://www.kenyanews.go.ke/govt-outlines-reforms-in-education-health-economy-sectors/,Neutral,0.0,3,Dairy & Macadamia,[],[]
Kenya News Agency,Mandera trains 20 lead farmers to strengthen grassroots agricultural support,2026-05-03 13:11:51,https://www.kenyanews.go.ke/mandera-trains-20-lead-farmers-to-strengthen-grassroots-agricultural-support/,Positive,0.6124,5,General Farming & Seeds,['Mandera'],[]
Kenya News Agency,Farmers urged to boost cotton production to sustain new ginnery,2026-05-02 18:41:26,https://www.kenyanews.go.ke/farmers-urged-to-boost-cotton-production-to-sustain-new-ginnery/,Positive,0.4019,4,Soil & Yield Improvement,[],[]
Kenya News Agency,Molo dairy farmers urged to go high-tech for higher yields,2026-05-02 16:25:44,https://www.kenyanews.go.ke/molo-dairy-farmers-urged-to-go-high-tech-for-higher-yields/,Neutral,0.0,4,Soil & Yield Improvement,[],[]
Kenya News Agency,Flower farming chemicals blamed for rising cases of ENT in Naivasha,2026-05-02 15:33:39,https://www.kenyanews.go.ke/flower-farming-chemicals-blamed-for-rising-cases-of-ent-in-naivasha/,Negative,-0.4767,5,General Farming & Seeds,[],[]
Kenya News Agency,Dry maize stocks steady as prices fluctuate,2026-05-02 13:58:10,https://www.kenyanews.go.ke/dry-maize-stocks-steady-as-prices-fluctuate/,Neutral,0.0,5,General Farming & Seeds,[],"['Maize', 'Rice', 'Tea']"
Kenya News Agency,Farmers field school launched in Turkana West,2026-05-02 13:52:41,https://www.kenyanews.go.ke/farmers-field-school-launched-in-turkana-west/,Positive,0.128,5,General Farming & Seeds,['Turkana'],[]
Kenya News Agency,"Govt distributes 5,000 coffee seedlings in Igembe South",2026-05-01 16:44:59,https://www.kenyanews.go.ke/govt-distributes-5000-coffee-seedlings-in-igembe-south/,Neutral,0.0,3,Dairy & Macadamia,[],['Coffee']
Kenya News Agency,First Lady launches projects at Unoa primary comprehensive school,2026-05-01 12:47:50,https://www.kenyanews.go.ke/first-lady-launches-projects-at-unoa-primary-comprehensive-school/,Positive,0.25,1,Government Programmes,[],[]
Kenya News Agency,West Pokot moves to champion agroecology in bold agricultural shift,2026-04-30 16:22:01,https://www.kenyanews.go.ke/west-pokot-moves-to-champion-agroecology-in-bold-agricultural-shift/,Positive,0.7579,5,General Farming & Seeds,['West Pokot'],[]
Kenya News Agency,Macadamia farmers’ agony over ban on raw nuts,2026-04-30 16:10:31,https://www.kenyanews.go.ke/macadamia-farmers-agony-over-ban-on-raw-nuts/,Negative,-0.8271,5,General Farming & Seeds,[],[]
Kenya News Agency,"Vihiga, CGA sign deal to boost agribusiness",2026-04-30 16:08:44,https://www.kenyanews.go.ke/vihiga-cga-sign-deal-to-boost-agribusiness/,Positive,0.4019,1,Government Programmes,['Vihiga'],[]
Kenya News Agency,Taita Taveta digitizing livestock value chain,2026-04-30 16:06:14,https://www.kenyanews.go.ke/taita-taveta-digitizing-livestock-value-chain/,Positive,0.34,0,Livestock & Disease,['Taita Taveta'],[]
Kenya News Agency,Traditional vegetables turn lucrative as demand rises,2026-04-30 10:44:33,https://www.kenyanews.go.ke/traditional-vegetables-turn-lucrative-as-demand-rises/,Negative,-0.128,5,General Farming & Seeds,[],[]
Kenya News Agency,Avocado seedlings boost farmers’ incomes at Kangaita Tea Factory,2026-04-30 10:35:52,https://www.kenyanews.go.ke/avocado-seedlings-boost-farmers-incomes-at-kangaita-tea-factory/,Positive,0.4019,1,Government Programmes,[],"['Tea', 'Avocado']"
Kenya News Agency,Government unveils plan to revive cashew farming,2026-04-29 14:33:46,https://www.kenyanews.go.ke/government-unveils-plan-to-revive-cashew-farming/,Positive,0.34,2,Cash Crops (Tea/Coffee/Sugar),[],[]
Kenya News Agency,Hybrid poultry system cuts costs for entrepreneur,2026-04-29 11:48:23,https://www.kenyanews.go.ke/hybrid-poultry-system-cuts-costs-for-entrepreneur/,Negative,-0.296,5,General Farming & Seeds,[],[]
Kenya News Agency,Nakuru drafts policy to enhance extension services,2026-04-29 11:04:11,https://www.kenyanews.go.ke/nakuru-drafts-policy-to-enhance-extension-services/,Neutral,0.0,5,General Farming & Seeds,['Nakuru'],[]
Kenya News Agency,"Migori County’s dream to upgrade dairy, beef production comes true",2026-04-28 13:14:51,https://www.kenyanews.go.ke/migori-countys-dream-to-upgrade-dairy-beef-production-comes-true/,Positive,0.5859,5,General Farming & Seeds,['Migori'],[]
Kenya News Agency,Subsidized fertilizer programme boosts yield despite access gaps,2026-04-28 11:54:38,https://www.kenyanews.go.ke/subsidized-fertilizer-programme-boosts-yield-despite-access-gaps/,Positive,0.3182,1,Government Programmes,[],[]
Kenya News Agency,Kirinyaga coffee payout hits historic Sh7.4 billion,2026-04-27 15:59:45,https://www.kenyanews.go.ke/kirinyaga-coffee-payout-hits-historic-sh7-4-billion/,Neutral,0.0,5,General Farming & Seeds,['Kirinyaga'],['Coffee']
Kenya News Agency,Flooded West Kano land reclaimed to boost rice output,2026-04-27 12:05:26,https://www.kenyanews.go.ke/flooded-west-kano-land-reclaimed-to-boost-rice-output/,Positive,0.4019,1,Government Programmes,[],['Rice']
Kenya News Agency,Farmer builds a profitable dairy enterprise with three cows,2026-04-26 14:09:17,https://www.kenyanews.go.ke/farmer-builds-a-profitable-dairy-enterprise-with-three-cows/,Positive,0.4404,5,General Farming & Seeds,[],[]
Kenya News Agency,"Debt bailouts by government no longer tenable, says CS Kagwe",2026-04-24 17:50:57,https://www.kenyanews.go.ke/debt-bailouts-by-government-no-longer-tenable-says-cs-kagwe/,Negative,-0.5719,2,Cash Crops (Tea/Coffee/Sugar),[],[]
Kenya News Agency,Farmer wins motorcycle as certified seeds increase yields,2026-04-24 17:37:26,https://www.kenyanews.go.ke/farmer-wins-motorcycle-as-certified-seeds-increase-yields/,Positive,0.7184,4,Soil & Yield Improvement,[],[]
Kenya News Agency,"Sugarcane farming reports Growth in Tinderet, Nandi",2026-04-24 14:47:44,https://www.kenyanews.go.ke/sugarcane-farming-reports-growth-in-tinderet-nandi/,Positive,0.3818,5,General Farming & Seeds,['Nandi'],['Sugar']
Kenya News Agency,Agriculture signals possible lift on raw macadamia export ban,2026-04-24 12:34:38,https://www.kenyanews.go.ke/agriculture-signals-possible-lift-on-raw-macadamia-export-ban/,Negative,-0.5574,5,General Farming & Seeds,[],[]
Kenya News Agency,Kwale farmers decry seed shortage,2026-04-24 11:43:49,https://www.kenyanews.go.ke/kwale-farmers-decry-seed-shortage/,Negative,-0.25,5,General Farming & Seeds,['Kwale'],[]
Kenya News Agency,Kenyan Coffee Fetches Record Prices at African Trade Fair,2026-04-24 11:34:45,https://www.kenyanews.go.ke/kenyan-coffee-fetches-record-prices-at-african-trade-fair/,Positive,0.3182,5,General Farming & Seeds,[],"['Rice', 'Coffee']"
Kenya News Agency,Embu banks on young agripreneurs to revolutionize agriculture,2026-04-24 11:31:01,https://www.kenyanews.go.ke/embu-banks-on-young-agripreneurs-to-revolutionize-agriculture/,Neutral,0.0,5,General Farming & Seeds,['Embu'],[]
Kenya News Agency,Kirinyaga farmers register record coffee rates,2026-04-23 16:44:03,https://www.kenyanews.go.ke/kirinyaga-farmers-register-record-coffee-rates/,Neutral,0.0,5,General Farming & Seeds,['Kirinyaga'],['Coffee']
Kenya News Agency,Nyamira ‎farmer wins motorcycle in anti-counterfeit seed campaign,2026-04-23 15:24:30,https://www.kenyanews.go.ke/nyamira-%e2%80%8efarmer-wins-motorcycle-in-anti-counterfeit-seed-campaign/,Positive,0.5719,5,General Farming & Seeds,['Nyamira'],[]
Kenya News Agency,4000 farmers benefit from climate-smart agribusiness programme,2026-04-22 16:01:07,https://www.kenyanews.go.ke/4000-farmers-benefit-from-climate-smart-agribusiness-programme/,Positive,0.4588,1,Government Programmes,[],[]
Kenya News Agency,Hippos invade crops along shores of Lake Victoria,2026-04-22 12:45:52,https://www.kenyanews.go.ke/hippos-invade-crops-along-shores-of-lake-victoria/,Neutral,0.0,5,General Farming & Seeds,[],[]
Kenya News Agency,Tomato price surge after January glut leaves markets strained,2026-04-21 18:38:58,https://www.kenyanews.go.ke/tomato-price-surge-after-january-glut-leaves-markets-strained/,Negative,-0.4019,5,General Farming & Seeds,[],['Rice']
Kenya News Agency,Uasin-Gishu County launches programme to boost agricultural financing,2026-04-21 18:34:40,https://www.kenyanews.go.ke/uasin-gishu-county-launches-programme-to-boost-agricultural-financing/,Positive,0.4019,1,Government Programmes,[],[]
Kenya News Agency,Escarpment Belt irrigation project takes shape in Lari,2026-04-21 17:13:32,https://www.kenyanews.go.ke/escarpment-belt-irrigation-project-takes-shape-in-lari/,Neutral,0.0,5,General Farming & Seeds,[],[]
Kenya News Agency,How irrigation is transforming lives in Buuri East subcounty,2026-04-21 14:55:43,https://www.kenyanews.go.ke/how-irrigation-is-transforming-lives-in-buuri-east-subcounty/,Neutral,0.0,5,General Farming & Seeds,[],[]
Kenya News Agency,"CGA, Egerton University partner to promote improved groundnut varieties",2026-04-20 17:46:12,https://www.kenyanews.go.ke/cga-egerton-university-partner-to-promote-improved-groundnut-varieties/,Positive,0.6908,5,General Farming & Seeds,[],[]
Kenya News Agency,Farmers turn to organic manure to cut costs and restore soil health,2026-04-20 17:27:36,https://www.kenyanews.go.ke/farmers-turn-to-organic-manure-to-cut-costs-and-restore-soil-health/,Neutral,0.0258,4,Soil & Yield Improvement,[],[]
Kenya News Agency,"KPL champions indigenous seeds, opposes GMOs ahead of key court ruling",2026-04-20 14:04:37,https://www.kenyanews.go.ke/kpl-champions-indigenous-seeds-opposes-gmos-ahead-of-key-court-ruling/,Positive,0.5267,5,General Farming & Seeds,[],[]
Kenya News Agency,"Kenya targets youth, technology to revitalize tea sector",2026-04-20 12:22:18,https://www.kenyanews.go.ke/kenya-targets-youth-technology-to-revitalize-tea-sector/,Neutral,0.0,5,General Farming & Seeds,[],['Tea']
Kenya News Agency,Vihiga County intensifies agricultural transformation,2026-04-18 21:26:29,https://www.kenyanews.go.ke/vihiga-county-intensifies-agricultural-transformation/,Neutral,0.0,5,General Farming & Seeds,['Vihiga'],[]
Kenya News Agency,40 Young Agripreneurs shift to digital spaces as customers embrace online markets,2026-04-17 17:05:14,https://www.kenyanews.go.ke/40-young-agripreneurs-shift-to-digital-spaces-as-customers-embrace-online-markets/,Positive,0.3182,5,General Farming & Seeds,[],[]
Kenya News Agency,Anthrax outbreak confirmed in Vihiga,2026-04-17 16:48:24,https://www.kenyanews.go.ke/anthrax-outbreak-confirmed-in-vihiga/,Neutral,0.0,5,General Farming & Seeds,['Vihiga'],[]
Kenya News Agency,Kiambu farmers set to gain skills and market linkages at upcoming Lari Agricultural Expo,2026-04-16 12:44:21,https://www.kenyanews.go.ke/kiambu-farmers-set-to-gain-skills-and-market-linkages-at-upcoming-lari-agricultural-expo/,Positive,0.5267,5,General Farming & Seeds,['Kiambu'],[]
Kenya News Agency,ISFAA targets Kilifi in agroecology push and indigenous seeds,2026-04-15 17:11:21,https://www.kenyanews.go.ke/isfaa-targets-kilifi-in-agroecology-push-and-indigenous-seeds/,Neutral,0.0,5,General Farming & Seeds,['Kilifi'],[]
Kenya News Agency,"New strategy to support farmers, businesses, and create jobs",2026-04-15 17:00:34,https://www.kenyanews.go.ke/new-strategy-to-support-farmers-businesses-and-create-jobs/,Positive,0.5859,5,General Farming & Seeds,[],[]
Kenya News Agency,Government move to revive coffee farming in Taita Taveta,2026-04-15 16:17:41,https://www.kenyanews.go.ke/government-move-to-revive-coffee-farming-in-taita-taveta/,Positive,0.34,2,Cash Crops (Tea/Coffee/Sugar),['Taita Taveta'],['Coffee']
Kenya News Agency,Vihiga youth embrace fish value addition to boost incomes,2026-04-15 12:09:33,https://www.kenyanews.go.ke/vihiga-youth-embrace-fish-value-addition-to-boost-incomes/,Positive,0.7506,1,Government Programmes,['Vihiga'],[]
Kenya News Agency,Tonnes of climate-resilient seeds distributed in Kerio Valley,2026-04-15 10:39:33,https://www.kenyanews.go.ke/tonnes-of-climate-resilient-seeds-distributed-in-kerio-valley/,Neutral,0.0,5,General Farming & Seeds,[],[]
Kenya News Agency,Vaccination against foot-and-mouth disease kicks off in Siaya,2026-04-15 08:58:22,https://www.kenyanews.go.ke/vaccination-against-foot-and-mouth-disease-kicks-off-in-siaya/,Neutral,0.0,0,Livestock & Disease,['Siaya'],[]
Kenya News Agency,Kagwe tops poll as best performing cabinet secretary 2026,2026-04-14 20:53:19,https://www.kenyanews.go.ke/kagwe-tops-poll-as-best-performing-cabinet-secretary-2026/,Positive,0.8176,5,General Farming & Seeds,[],[]
Kenya News Agency,Kenya targets 125 percent pig industry growth by 2030,2026-04-14 20:07:57,https://www.kenyanews.go.ke/kenya-targets-125-percent-pig-industry-growth-by-2030/,Positive,0.3818,5,General Farming & Seeds,[],[]
Kenya News Agency,Chuka expo highlights solutions to post-harvest losses,2026-04-14 17:46:11,https://www.kenyanews.go.ke/chuka-expo-highlights-solutions-to-post-harvest-losses/,Negative,-0.25,5,General Farming & Seeds,[],[]
Kenya News Agency,Kirinyaga trains youth in digital skills to boost agriculture,2026-04-14 10:36:05,https://www.kenyanews.go.ke/kirinyaga-trains-youth-in-digital-skills-to-boost-agriculture/,Positive,0.4019,1,Government Programmes,['Kirinyaga'],[]
Kenya News Agency,Pig rearing transforms livelihood for Tinderet farmer,2026-04-13 16:00:15,https://www.kenyanews.go.ke/pig-rearing-transforms-livelihood-for-tinderet-farmer/,Positive,0.2023,5,General Farming & Seeds,[],[]
Kenya News Agency,Farmer bets on dual-crop strategy to survive unpredictable seasons,2026-04-11 15:12:36,https://www.kenyanews.go.ke/farmer-bets-on-dual-crop-strategy-to-survive-unpredictable-seasons/,Neutral,0.0,5,General Farming & Seeds,[],[]
Kenya News Agency,Sh1.7 billion Taunet hydropower project to lower tea energy costs,2026-04-11 12:09:25,https://www.kenyanews.go.ke/sh1-7-billion-taunet-hydropower-project-to-lower-tea-energy-costs/,Neutral,-0.0258,5,General Farming & Seeds,[],['Tea']
Kenya News Agency,Improved poultry farming boosts incomes for Molo farmers,2026-04-10 16:50:02,https://www.kenyanews.go.ke/improved-poultry-farming-boosts-incomes-for-molo-farmers/,Positive,0.6597,5,General Farming & Seeds,[],[]
Kenya News Agency,Solo Sunrise pawpaw gains popularity among farmers,2026-04-10 12:42:35,https://www.kenyanews.go.ke/solo-sunrise-pawpaw-gains-popularity-among-farmers/,Positive,0.6705,5,General Farming & Seeds,[],[]
Kenya News Agency,Govt intensifies crackdown on unlicensed macadamia dealers,2026-04-10 11:59:40,https://www.kenyanews.go.ke/govt-intensifies-crackdown-on-unlicensed-macadamia-dealers/,Neutral,0.0,3,Dairy & Macadamia,[],[]
Kenya News Agency,Kenya records significant increase in certified seed production,2026-04-09 13:24:26,https://www.kenyanews.go.ke/kenya-records-significant-increase-in-certified-seed-production/,Positive,0.4767,5,General Farming & Seeds,[],[]
Kenya News Agency,Key challenges hindering dairy farming in Vihiga,2026-04-08 17:55:47,https://www.kenyanews.go.ke/key-challenges-hindering-dairy-farming-in-vihiga/,Positive,0.0772,5,General Farming & Seeds,['Vihiga'],[]
Kenya News Agency,Milk surplus hits Kajiado County as prices drop,2026-04-08 17:39:55,https://www.kenyanews.go.ke/milk-surplus-hits-kajiado-county-as-prices-drop/,Negative,-0.2732,5,General Farming & Seeds,['Kajiado'],"['Rice', 'Milk']"
Kenya News Agency,Farmers demand lifting court cases to allow Bt maize,2026-04-08 16:41:28,https://www.kenyanews.go.ke/farmers-demand-lifting-court-cases-to-allow-bt-maize/,Positive,0.1027,5,General Farming & Seeds,[],['Maize']
Kenya News Agency,Kirinyaga launches digital livestock registration and vaccination drive,2026-04-08 16:27:53,https://www.kenyanews.go.ke/kirinyaga-launches-digital-livestock-registration-and-vaccination-drive/,Neutral,0.0,0,Livestock & Disease,['Kirinyaga'],[]
Kenya News Agency,Murang’a integrates organic food into school feeding programme,2026-04-08 12:24:00,https://www.kenyanews.go.ke/muranga-integrates-organic-food-into-school-feeding-programme/,Neutral,0.0,1,Government Programmes,[],[]
Kenya News Agency,Turkana County receives assorted seeds from Kenya Seed Company,2026-04-05 14:51:38,https://www.kenyanews.go.ke/turkana-county-receives-assorted-seeds-from-kenya-seed-company/,Neutral,0.0,5,General Farming & Seeds,['Turkana'],[]
Kenya News Agency,Narok farmers innovate to protect declining donkey numbers,2026-04-04 15:13:02,https://www.kenyanews.go.ke/narok-farmers-innovate-to-protect-declining-donkey-numbers/,Positive,0.7003,5,General Farming & Seeds,['Narok'],[]
Kenya News Agency,Farmers in Migori urged to utilise government facilities and equipment,2026-04-04 14:22:24,https://www.kenyanews.go.ke/farmers-in-migori-urged-to-utilise-government-facilities-and-equipment/,Neutral,0.0,2,Cash Crops (Tea/Coffee/Sugar),['Migori'],[]
Kenya News Agency,Government implements sweeping reforms to streamline tea industry,2026-04-04 11:00:30,https://www.kenyanews.go.ke/government-implements-sweeping-reforms-to-streamline-tea-industry/,Neutral,0.0,2,Cash Crops (Tea/Coffee/Sugar),[],['Tea']
Kenya News Agency,Stakeholders give views on livestock traceability bill in Eldoret,2026-04-03 20:20:46,https://www.kenyanews.go.ke/stakeholders-give-views-on-livestock-traceability-bill-in-eldoret/,Neutral,0.0,0,Livestock & Disease,[],[]
Kenya News Agency,Authority rolls out apiculture project to support local farmers,2026-04-03 20:09:30,https://www.kenyanews.go.ke/authority-rolls-out-apiculture-project-to-support-local-farmers/,Positive,0.4588,5,General Farming & Seeds,[],[]
Kenya News Agency,"Proposed livestock bill to improve quality, earnings and curb theft",2026-04-03 19:17:42,https://www.kenyanews.go.ke/proposed-livestock-bill-to-improve-quality-earnings-and-curb-theft/,Positive,0.4404,0,Livestock & Disease,[],[]
Kenya News Agency,Joint Kenya–Tanzania PPR vaccination exercise launched in Kajiado,2026-04-03 18:12:09,https://www.kenyanews.go.ke/joint-kenya-tanzania-ppr-vaccination-exercise-launched-in-kajiado/,Positive,0.128,0,Livestock & Disease,['Kajiado'],[]
Kenya News Agency,Livestock bill set to unlock global market opportunities,2026-04-03 11:26:48,https://www.kenyanews.go.ke/livestock-bill-set-to-unlock-global-market-opportunities/,Positive,0.3818,0,Livestock & Disease,[],[]
Kenya News Agency,West Pokot farmers receive certified seeds,2026-04-01 15:04:34,https://www.kenyanews.go.ke/west-pokot-farmers-receive-certified-seeds/,Neutral,0.0,5,General Farming & Seeds,['West Pokot'],[]
Kenya News Agency,Proposed bill seeks to boost livestock market,2026-04-01 14:11:53,https://www.kenyanews.go.ke/proposed-bill-seeks-to-boost-livestock-market/,Positive,0.4019,0,Livestock & Disease,[],[]
Kenya News Agency,Kenya steps up livestock disease detection to protect farmers and public health,2026-04-01 12:06:56,https://www.kenyanews.go.ke/kenya-steps-up-livestock-disease-detection-to-protect-farmers-and-public-health/,Positive,0.3818,0,Livestock & Disease,[],[]
Kenya News Agency,Teso retired teachers turn to Avocado farming,2026-04-01 11:15:18,https://www.kenyanews.go.ke/teso-retired-teachers-turn-to-avocado-farming/,Neutral,0.0,5,General Farming & Seeds,[],"['Tea', 'Avocado']"
Kenya News Agency,"‘Strong policy framework needed in tackling HHPs,’ says regional NGOs",2026-03-31 18:57:37,https://www.kenyanews.go.ke/strong-policy-framework-needed-in-tackling-hhps-says-regional-ngos/,Neutral,0.0,5,General Farming & Seeds,[],[]
Kenya News Agency,State begins nationwide distribution of two million fertilizer bags,2026-03-31 18:36:06,https://www.kenyanews.go.ke/state-begins-nationwide-distribution-of-two-million-fertilizer-bags/,Neutral,0.0,5,General Farming & Seeds,[],[]
Kenya News Agency,"Egerton University, Kilimo Trust launch Regional Agricultural Centre",2026-03-30 20:50:59,https://www.kenyanews.go.ke/egerton-university-kilimo-trust-launch-regional-agricultural-centre/,Positive,0.5106,5,General Farming & Seeds,[],[]
Kenya News Agency,"Farmers receive training, avocado seedlings to boost food security",2026-03-30 18:56:41,https://www.kenyanews.go.ke/farmers-receive-training-avocado-seedlings-to-boost-food-security/,Positive,0.6249,1,Government Programmes,[],['Avocado']
Kenya News Agency,Vihiga County supports traders to boost aquaculture value chain,2026-03-30 18:23:42,https://www.kenyanews.go.ke/vihiga-county-supports-traders-to-boost-aquaculture-value-chain/,Positive,0.765,1,Government Programmes,['Vihiga'],[]
Kenya News Agency,Climate-resilient seeds gain popularity among coastal farmers,2026-03-30 14:46:07,https://www.kenyanews.go.ke/climate-resilient-seeds-gain-popularity-among-coastal-farmers/,Positive,0.7579,5,General Farming & Seeds,[],[]
Kenya News Agency,"AFA clears avocado export, warns against immature harvesting",2026-03-30 11:39:02,https://www.kenyanews.go.ke/afa-clears-avocado-export-warns-against-immature-harvesting/,Neutral,-0.0258,5,General Farming & Seeds,[],['Avocado']
Kenya News Agency,How Pearl Millet is quietly making a comeback in Kenya’s dry lands,2026-03-29 12:12:32,https://www.kenyanews.go.ke/how-pearl-millet-is-quietly-making-a-comeback-in-kenyas-dry-lands/,Neutral,0.0,5,General Farming & Seeds,[],[]
Kenya News Agency,"Aquaculture consortium moves to bridge Kenya’s 450,000-metric ton fish deficit",2026-03-28 16:22:20,https://www.kenyanews.go.ke/aquaculture-consortium-moves-to-bridge-kenyas-450000-metric-ton-fish-deficit/,Negative,-0.4019,5,General Farming & Seeds,[],[]
Kenya News Agency,Opening season for avocado harvesting to commence next month,2026-03-28 12:38:59,https://www.kenyanews.go.ke/opening-season-for-avocado-harvesting-to-commence-next-month/,Neutral,0.0,5,General Farming & Seeds,[],['Avocado']
Kenya News Agency,"Man reclaims rejected land, turns it to a source of livelihood",2026-03-27 16:10:22,https://www.kenyanews.go.ke/man-reclaims-rejected-land-turns-it-to-a-source-of-livelihood/,Negative,-0.3612,5,General Farming & Seeds,[],[]
Kenya News Agency,"Over 6,000 cows so far vaccinated in Sabatia Sub County",2026-03-27 11:35:00,https://www.kenyanews.go.ke/over-6000-cows-so-far-vaccinated-in-sabatia-sub-county/,Neutral,0.0,5,General Farming & Seeds,[],[]
Kenya News Agency,"Kenya, Italy partner to boost coffee sector and training",2026-03-26 15:03:45,https://www.kenyanews.go.ke/kenya-italy-partner-to-boost-coffee-sector-and-training/,Positive,0.4019,1,Government Programmes,[],['Coffee']
Kenya News Agency,Maize farmers in Tinderet optimistic after last season’s losses,2026-03-26 14:03:36,https://www.kenyanews.go.ke/maize-farmers-in-tinderet-optimistic-after-last-seasons-losses/,Negative,-0.1027,5,General Farming & Seeds,[],['Maize']
Kenya News Agency,"Government to Settle Only Verified Coffee Farmers’ Debts, Says Oparanya",2026-03-26 13:31:20,https://www.kenyanews.go.ke/government-to-settle-only-verified-coffee-farmers-debts-says-oparanya/,Neutral,0.0,2,Cash Crops (Tea/Coffee/Sugar),[],['Coffee']
Kenya News Agency,Oparanya calls for audit before waiver of coffee debt,2026-03-26 13:27:11,https://www.kenyanews.go.ke/oparanya-calls-for-audit-before-waiver-of-coffee-debt/,Negative,-0.3612,5,General Farming & Seeds,[],['Coffee']
Kenya News Agency,Farmers urged to adopt technology to boost coffee production,2026-03-26 11:35:08,https://www.kenyanews.go.ke/farmers-urged-to-adopt-technology-to-boost-coffee-production/,Positive,0.5267,1,Government Programmes,[],['Coffee']
Kenya News Agency,Government to launch modern tea testing centre in Mombasa,2026-03-26 11:31:09,https://www.kenyanews.go.ke/government-to-launch-modern-tea-testing-centre-in-mombasa/,Neutral,0.0,2,Cash Crops (Tea/Coffee/Sugar),['Mombasa'],['Tea']
Kenya News Agency,Avocado transportation at night in Murang’a banned,2026-03-26 08:29:07,https://www.kenyanews.go.ke/avocado-transportation-at-night-in-muranga-banned/,Negative,-0.4588,5,General Farming & Seeds,[],['Avocado']
Kenya News Agency,Nyandarua County prepares to launch coffee farming initiative,2026-03-25 18:49:48,https://www.kenyanews.go.ke/nyandarua-county-prepares-to-launch-coffee-farming-initiative/,Neutral,0.0,5,General Farming & Seeds,['Nyandarua'],['Coffee']
Kenya News Agency,Africa urged to strengthen value chains to boost earnings for farmers,2026-03-25 16:06:45,https://www.kenyanews.go.ke/africa-urged-to-strengthen-value-chains-to-boost-earnings-for-farmers/,Positive,0.7506,4,Soil & Yield Improvement,[],[]
Kenya News Agency,Elgeyo Marakwet distributes iron-rich Nyota beans to vulnerable households,2026-03-25 15:55:20,https://www.kenyanews.go.ke/elgeyo-marakwet-distributes-iron-rich-nyota-beans-to-vulnerable-households/,Negative,-0.2263,5,General Farming & Seeds,['Elgeyo Marakwet'],['Beans']
Kenya News Agency,Avocado farmers trained to combat persea mite pest threat,2026-03-24 10:55:46,https://www.kenyanews.go.ke/avocado-farmers-trained-to-combat-persea-mite-pest-threat/,Negative,-0.7003,5,General Farming & Seeds,[],['Avocado']
Kenya News Agency,"State expands irrigation to enhance food security, incomes",2026-03-24 10:39:02,https://www.kenyanews.go.ke/state-expands-irrigation-to-enhance-food-security-incomes/,Positive,0.4215,5,General Farming & Seeds,[],[]
Kenya News Agency,Developed nations asked to support Africa’s climate-smart agriculture,2026-03-23 17:46:51,https://www.kenyanews.go.ke/developed-nations-asked-to-support-africas-climate-smart-agriculture/,Positive,0.4019,5,General Farming & Seeds,[],[]
Kenya News Agency,Cheptebo field day showcases certified seeds to Kerio farmers,2026-03-21 16:36:35,https://www.kenyanews.go.ke/cheptebo-field-day-showcases-certified-seeds-to-kerio-farmers/,Neutral,0.0,5,General Farming & Seeds,[],[]
Kenya News Agency,‎Lewa conservancy rolls out climate-smart agriculture program for surrounding communities,2026-03-21 13:56:57,https://www.kenyanews.go.ke/%e2%80%8elewa-conservancy-rolls-out-climate-smart-agriculture-program-for-surrounding-communities/,Neutral,0.0,5,General Farming & Seeds,[],[]
Kenya News Agency,Kenya promotes Juncao grass technology,2026-03-19 17:51:16,https://www.kenyanews.go.ke/kenya-promotes-juncao-grass-technology/,Positive,0.34,5,General Farming & Seeds,[],[]
Kenya News Agency,Government injects Sh3.5 billion to revamp tea sector,2026-03-19 15:23:44,https://www.kenyanews.go.ke/government-injects-sh3-5-billion-to-revamp-tea-sector/,Neutral,0.0,2,Cash Crops (Tea/Coffee/Sugar),[],['Tea']
Kenya News Agency,Nyandarua farmers receive inputs to boost crop production,2026-03-19 12:07:50,https://www.kenyanews.go.ke/nyandarua-farmers-receive-inputs-to-boost-crop-production/,Positive,0.4019,1,Government Programmes,['Nyandarua'],[]
Kenya News Agency,Youths urged to embrace groundnut farming for income generation,2026-03-19 11:58:02,https://www.kenyanews.go.ke/youths-urged-to-embrace-groundnut-farming-for-income-generation/,Positive,0.3182,4,Soil & Yield Improvement,[],[]
Kenya News Agency,Govt promotes Juncao grass technology to boost livestock feed,2026-03-18 22:05:10,https://www.kenyanews.go.ke/govt-promotes-juncao-grass-technology-to-boost-livestock-feed/,Positive,0.6249,0,Livestock & Disease,[],[]
Kenya News Agency,Concern Worldwide partners with Turkana in livestock feed supply,2026-03-17 12:28:26,https://www.kenyanews.go.ke/concern-worldwide-partners-with-turkana-in-livestock-feed-supply/,Neutral,0.0,0,Livestock & Disease,['Turkana'],[]
Kenya News Agency,Kenya secures duty-free access for agricultural exports to China,2026-03-16 16:19:25,https://www.kenyanews.go.ke/kenya-secures-duty-free-access-for-agricultural-exports-to-china/,Positive,0.3182,5,General Farming & Seeds,[],[]
Kenya News Agency,Technology to change how Coffee beans are graded,2026-03-13 21:58:03,https://www.kenyanews.go.ke/technology-to-change-how-coffee-beans-are-graded/,Neutral,0.0,5,General Farming & Seeds,[],"['Beans', 'Coffee']"
Kenya News Agency,PS Mueke urges youth to tap opportunities in livestock sector,2026-03-13 15:53:58,https://www.kenyanews.go.ke/ps-mueke-urges-youth-to-tap-opportunities-in-livestock-sector/,Positive,0.3818,0,Livestock & Disease,[],[]
Kenya News Agency,Sunflower-soybean initiative to curb edible oil import bill,2026-03-13 15:04:25,https://www.kenyanews.go.ke/sunflower-soybean-initiative-to-curb-edible-oil-import-bill/,Neutral,0.0,5,General Farming & Seeds,[],[]
Kenya News Agency,Farmers urged to embrace new rice varieties to boost yields,2026-03-13 14:25:45,https://www.kenyanews.go.ke/farmers-urged-to-embrace-new-rice-varieties-to-boost-yields/,Positive,0.6124,4,Soil & Yield Improvement,[],['Rice']
Kenya News Agency,"Selling fake seeds to farmers should be treasonable, Kagwe says",2026-03-13 12:46:22,https://www.kenyanews.go.ke/selling-fake-seeds-to-farmers-should-be-treasonable-kagwe-says/,Negative,-0.4767,5,General Farming & Seeds,[],[]
Kenya News Agency,Vihiga launches E-Voucher livestock vaccination and identification programme,2026-03-13 12:43:03,https://www.kenyanews.go.ke/vihiga-launches-e-voucher-livestock-vaccination-and-identification-programme/,Neutral,0.0,0,Livestock & Disease,['Vihiga'],[]
Kenya News Agency,Waiguru offers seedlings to Kariti residents,2026-03-13 11:58:55,https://www.kenyanews.go.ke/waiguru-offers-seedlings-to-kariti-residents/,Neutral,0.0,5,General Farming & Seeds,[],[]
Kenya News Agency,Government launches 20 million coffee seedlings programme,2026-03-13 11:49:19,https://www.kenyanews.go.ke/government-launches-20-million-coffee-seedlings-programme/,Neutral,0.0,2,Cash Crops (Tea/Coffee/Sugar),[],['Coffee']
Kenya News Agency,"Githunguri Dairy Cooperative receives 10,000-Litre milk cooling tank",2026-03-13 10:35:52,https://www.kenyanews.go.ke/githunguri-dairy-cooperative-receives-10000-litre-milk-cooling-tank/,Neutral,0.0,5,General Farming & Seeds,[],['Milk']
Kenya News Agency,Recognizing and strengthening women’s role in agrifood systems,2026-03-06 09:45:53,https://www.kenyanews.go.ke/recognizing-and-strengthening-womens-role-in-agrifood-systems/,Positive,0.4939,5,General Farming & Seeds,[],[]
Kenya News Agency,Farmers assured of sustainable rains for early planting season,2026-03-03 12:33:21,https://www.kenyanews.go.ke/farmers-assured-of-sustainable-rains-for-early-planting-season/,Positive,0.3612,5,General Farming & Seeds,[],[]
Kenya News Agency,Machakos farmer revives indigenous seeds to boost sustainable farming,2025-10-28 09:34:43,https://www.kenyanews.go.ke/machakos-farmer-revives-indigenous-seeds-to-boost-sustainable-farming/,Positive,0.6486,5,General Farming & Seeds,['Machakos'],[]
Kenya News Agency,"Farmers trained on safe pesticide use, counterfeits",2025-07-21 20:28:08,https://www.kenyanews.go.ke/farmers-trained-on-safe-pesticide-use-counterfeits/,Positive,0.4404,5,General Farming & Seeds,[],[]
Kenya News Agency,Kenya rolls out fertiliser insurance scheme,2025-07-21 19:45:30,https://www.kenyanews.go.ke/kenya-rolls-out-fertiliser-insurance-scheme/,Neutral,0.0,5,General Farming & Seeds,[],[]
Kenya News Agency,Waiguru leads stakeholders’ dialogue on proposed coffee direct sales and settlement,2025-07-20 12:18:29,https://www.kenyanews.go.ke/waiguru-leads-stakeholders-dialogue-on-proposed-coffee-direct-sales-and-settlement/,Neutral,0.0,5,General Farming & Seeds,[],['Coffee']
Kenya News Agency,State-funded poultry project transforms rural livelihoods in Nakuru,2025-07-19 13:44:50,https://www.kenyanews.go.ke/state-funded-poultry-project-transforms-rural-livelihoods-in-nakuru/,Positive,0.2263,5,General Farming & Seeds,['Nakuru'],[]
Kenya News Agency,Coffee expo empowers Kirinyaga growers with modern farming skills,2025-07-19 08:13:26,https://www.kenyanews.go.ke/coffee-expo-empowers-kirinyaga-growers-with-modern-farming-skills/,Neutral,0.0,5,General Farming & Seeds,['Kirinyaga'],['Coffee']
Kenya News Agency,EAC states urged to harmonise orthodox tea standards,2025-07-18 22:13:46,https://www.kenyanews.go.ke/eac-states-urged-to-harmonise-orthodox-tea-standards/,Positive,0.4215,4,Soil & Yield Improvement,[],['Tea']
Kenya News Agency,The Apitherapy pioneer: one man’s journey from Engineering to rearing bees that heal,2025-07-18 14:06:30,https://www.kenyanews.go.ke/the-apitherapy-pioneer-one-mans-journey-from-engineering-to-rearing-bees-that-heal/,Neutral,0.0,5,General Farming & Seeds,[],[]
Kenya News Agency,"Leaders caution against pineapples, farm produce theft in Maragua constituency",2025-07-17 15:29:45,https://www.kenyanews.go.ke/leaders-caution-against-pineapples-farm-produce-theft-in-maragua-constituency/,Neutral,0.0,5,General Farming & Seeds,[],[]
Kenya News Agency,Small scale farmers urged to embrace warehouse receipting system to combat losses,2025-07-17 15:28:07,https://www.kenyanews.go.ke/small-scale-farmers-urged-to-embrace-warehouse-receipting-system-to-combat-losses/,Negative,-0.4215,4,Soil & Yield Improvement,[],[]
Kenya News Agency,Farmers Empowered to Boost Yields Through AI,2025-07-17 13:52:11,https://www.kenyanews.go.ke/farmers-empowered-to-boost-yields-through-ai/,Positive,0.4019,4,Soil & Yield Improvement,[],[]
Kenya News Agency,Elders Decry Youth’s Edus from Farms to the Streets,2025-07-16 15:29:11,https://www.kenyanews.go.ke/elders-decry-youths-edus-from-farms-to-the-streets/,Neutral,0.0,5,General Farming & Seeds,[],[]
Kenya News Agency,Narok flags off KES 30 million livestock vaccines ahead of mass vaccination drive,2025-07-16 14:53:26,https://www.kenyanews.go.ke/narok-flags-off-kes-30-million-livestock-vaccines-ahead-of-mass-vaccination-drive/,Neutral,0.0,0,Livestock & Disease,['Narok'],[]
Kenya News Agency,"Kenya, Korea team up to boost rice output",2025-07-16 14:35:01,https://www.kenyanews.go.ke/kenya-korea-team-up-to-boost-rice-output/,Positive,0.4019,1,Government Programmes,[],"['Rice', 'Tea']"
Kenya News Agency,KALRO champions ratoon technology to boost rice production,2025-07-15 18:02:27,https://www.kenyanews.go.ke/kalro-champions-ratoon-technology-to-boost-rice-production/,Positive,0.7269,1,Government Programmes,[],['Rice']
Kenya News Agency,Uasin Gishu empowers residents with modern beehives,2025-07-15 16:50:43,https://www.kenyanews.go.ke/uasin-gishu-empowers-residents-with-modern-beehives/,Neutral,0.0,5,General Farming & Seeds,['Uasin Gishu'],[]
Kenya News Agency,Experts push for tech-driven agriculture in TVETs,2025-07-15 13:51:18,https://www.kenyanews.go.ke/experts-push-for-tech-driven-agriculture-in-tvets/,Neutral,0.0,5,General Farming & Seeds,[],[]
Kenya News Agency,Kerio Valley youth turns sorghum into gold,2025-07-15 13:45:17,https://www.kenyanews.go.ke/kerio-valley-youth-turns-sorghum-into-gold/,Neutral,0.0,5,General Farming & Seeds,[],['Sorghum']
Kenya News Agency,Kericho farmers urged to embrace dairy farming to boost food security,2025-07-13 15:21:40,https://www.kenyanews.go.ke/kericho-farmers-urged-to-embrace-dairy-farming-to-boost-food-security/,Positive,0.7506,4,Soil & Yield Improvement,['Kericho'],[]
Kenya News Agency,State committed to expand coffee farming,2025-07-12 15:59:27,https://www.kenyanews.go.ke/state-committed-to-expand-coffee-farming/,Positive,0.5267,5,General Farming & Seeds,[],['Coffee']
Kenya News Agency,West Pokot launches Agro-ecology policy for sustainable farming,2025-07-12 13:19:43,https://www.kenyanews.go.ke/west-pokot-launches-agro-ecology-policy-for-sustainable-farming/,Neutral,0.0,5,General Farming & Seeds,['West Pokot'],[]
Kenya News Agency,Kisumu set to host regional ASK Show with focus on smart farming and innovation,2025-07-11 15:08:52,https://www.kenyanews.go.ke/155051-2/,Positive,0.6486,5,General Farming & Seeds,['Kisumu'],[]
Kenya News Agency,Government to distribute 500 million coffee seedlings to farmers,2025-07-11 14:45:07,https://www.kenyanews.go.ke/government-to-distribute-500-million-coffee-seedlings-to-farmers/,Neutral,0.0,2,Cash Crops (Tea/Coffee/Sugar),[],['Coffee']
Kenya News Agency,Kenya pilots livestock chip identification system,2025-07-10 15:19:57,https://www.kenyanews.go.ke/kenya-pilots-livestock-chip-identification-system/,Neutral,0.0,0,Livestock & Disease,[],[]
Kenya News Agency,How Nandi’s flagship agriculture projects are transforming livelihoods,2025-07-09 16:40:49,https://www.kenyanews.go.ke/how-nandis-flagship-agriculture-projects-are-transforming-livelihoods/,Positive,0.3182,5,General Farming & Seeds,['Nandi'],[]
Kenya News Agency,"Empower youth to venture into technology-driven, sustainable agriculture",2025-07-09 11:12:40,https://www.kenyanews.go.ke/empower-youth-to-venture-into-technology-driven-sustainable-agriculture/,Neutral,0.0,5,General Farming & Seeds,[],[]
Kenya News Agency,Egerton University equips farmers with climate-resilient farming techniques,2025-07-08 17:19:11,https://www.kenyanews.go.ke/egerton-university-equips-farmers-with-climate-resilient-farming-techniques/,Neutral,0.0,5,General Farming & Seeds,[],[]
Kenya News Agency,Booming pig farming industry transforms lives in Kiambu,2025-07-08 13:15:41,https://www.kenyanews.go.ke/booming-pig-farming-industry-transforms-lives-in-kiambu/,Neutral,0.0,5,General Farming & Seeds,['Kiambu'],[]
Kenya News Agency,Kericho rolls out mass cattle vaccination to combat foot and mouth disease,2025-07-08 10:58:50,https://www.kenyanews.go.ke/kericho-rolls-out-mass-cattle-vaccination-to-combat-foot-and-mouth-disease/,Negative,-0.34,5,General Farming & Seeds,['Kericho'],[]
Kenya News Agency,State woos JICA to boost rice output,2025-07-07 13:00:25,https://www.kenyanews.go.ke/state-woos-jica-to-boost-rice-output/,Positive,0.4019,1,Government Programmes,[],['Rice']
Kenya News Agency,"Kirinyaga calls for consensus on coffee reforms, DSS rollout",2025-07-06 17:49:03,https://www.kenyanews.go.ke/kirinyaga-calls-for-consensus-on-coffee-reforms-dss-rollout/,Neutral,0.0,5,General Farming & Seeds,['Kirinyaga'],['Coffee']
Kenya News Agency,Goat restocking brings hope to Ngong pastoralists,2025-07-06 15:02:40,https://www.kenyanews.go.ke/goat-restocking-brings-hope-to-ngong-pastoralists/,Positive,0.4404,5,General Farming & Seeds,[],[]
Kenya News Agency,Young farmer turns rice fields into business empire,2025-07-06 12:21:46,https://www.kenyanews.go.ke/young-farmer-turns-rice-fields-into-business-empire/,Neutral,0.0,5,General Farming & Seeds,[],['Rice']
Kenya News Agency,MP warns direct payouts risk crippling farmer cooperatives,2025-07-06 10:43:27,https://www.kenyanews.go.ke/mp-warns-direct-payouts-risk-crippling-farmer-cooperatives/,Negative,-0.3612,5,General Farming & Seeds,[],[]
Kenya News Agency,Embobut-Embolot cereal store enhances agro-logistics,2025-07-05 16:46:28,https://www.kenyanews.go.ke/embobut-embolot-cereal-store-enhances-agro-logistics/,Neutral,0.0,5,General Farming & Seeds,[],[]
Kenya News Agency,Govt working to revive pyrethrum industry with policy reforms,2025-07-05 14:51:46,https://www.kenyanews.go.ke/govt-working-to-revive-pyrethrum-industry-with-policy-reforms/,Positive,0.34,3,Dairy & Macadamia,[],[]
Kenya News Agency,"Adopt technology, boost yields—CS Kagwe tells farmers",2025-07-05 14:31:06,https://www.kenyanews.go.ke/adopt-technology-boost-yields-cs-kagwe-tells-farmers/,Positive,0.5267,1,Government Programmes,[],[]
Kenya News Agency,Etio dam transforms lives through modern irrigation farming,2025-07-05 14:10:16,https://www.kenyanews.go.ke/etio-dam-transforms-lives-through-modern-irrigation-farming/,Neutral,0.0,5,General Farming & Seeds,[],[]
Kenya News Agency,Govt equips Ndarugu dairy farmers with dairy equipment,2025-07-05 13:45:05,https://www.kenyanews.go.ke/govt-equips-ndarugu-dairy-farmers-with-dairy-equipment/,Neutral,0.0,3,Dairy & Macadamia,[],[]
Kenya News Agency,Kagwe champions tech adoption to boost farm yields,2025-07-05 10:26:12,https://www.kenyanews.go.ke/kagwe-champions-tech-adoption-to-boost-farm-yields/,Positive,0.7269,4,Soil & Yield Improvement,[],[]
Kenya News Agency,"New KTDA magazine highlights success, reforms in tea",2025-07-04 17:31:31,https://www.kenyanews.go.ke/new-ktda-magazine-highlights-success-reforms-in-tea/,Positive,0.5719,5,General Farming & Seeds,[],['Tea']
Kenya News Agency,AFA Launches Cotton Seed Milling Equipment at Muluanda Cotton Ginnery,2025-07-01 13:51:39,https://www.kenyanews.go.ke/afa-launches-cotton-seed-milling-equipment-at-muluanda-cotton-ginnery/,Neutral,0.0,1,Government Programmes,[],[]
Kenya News Agency,Dorper Sheep rearing gaining traction in Nakuru,2025-06-30 12:13:47,https://www.kenyanews.go.ke/dorper-sheep-rearing-gaining-traction-in-nakuru/,Positive,0.4215,5,General Farming & Seeds,['Nakuru'],[]
Kenya News Agency,Farmers urged to preserve soil health,2025-06-30 10:27:55,https://www.kenyanews.go.ke/farmers-urged-to-preserve-soil-health/,Neutral,0.0,4,Soil & Yield Improvement,[],[]
Kenya News Agency,SODFI champions sustainable Agribusiness in Western Kenya,2025-06-29 15:25:58,https://www.kenyanews.go.ke/sodfi-champions-sustainable-agribusiness-in-western-kenya/,Positive,0.5267,5,General Farming & Seeds,[],[]
Kenya News Agency,Farmers receive tips on poultry keeping,2025-06-28 12:57:05,https://www.kenyanews.go.ke/farmers-receive-tips-on-poultry-keeping/,Neutral,0.0,5,General Farming & Seeds,[],[]
Kenya News Agency,Farmers challenged to ensure supply of quality tea leaves,2025-06-27 14:35:39,https://www.kenyanews.go.ke/farmers-challenged-to-ensure-supply-of-quality-tea-leaves/,Positive,0.296,5,General Farming & Seeds,[],['Tea']
Kenya News Agency,Youth Embrace horticulture to revive rural economies in Elgeyo Marakwet,2025-06-27 10:33:26,https://www.kenyanews.go.ke/youth-embrace-horticulture-to-revive-rural-economies-in-elgeyo-marakwet/,Positive,0.5719,5,General Farming & Seeds,['Elgeyo Marakwet'],[]
Kenya News Agency,Kwale distributes highbred gala goats to boost livestock production,2025-06-26 14:29:50,https://www.kenyanews.go.ke/kwale-distributes-highbred-gala-goats-to-boost-livestock-production/,Positive,0.4019,0,Livestock & Disease,['Kwale'],[]
Kenya News Agency,Government to accelerate revival of pyrethrum sector,2025-06-26 14:13:04,https://www.kenyanews.go.ke/government-to-accelerate-revival-of-pyrethrum-sector/,Neutral,0.0,2,Cash Crops (Tea/Coffee/Sugar),[],[]
Kenya News Agency,"Symposium towards sustainable, inclusive and resilient agriculture",2025-06-26 11:10:17,https://www.kenyanews.go.ke/symposium-towards-sustainable-inclusive-and-resilient-agriculture/,Neutral,0.0,5,General Farming & Seeds,[],[]
Kenya News Agency,Kenya eyes lucrative global market with low-carbon tea,2025-06-26 10:26:12,https://www.kenyanews.go.ke/kenya-eyes-lucrative-global-market-with-low-carbon-tea/,Neutral,0.0,5,General Farming & Seeds,[],['Tea']
Kenya News Agency,FFBS empowers community-based facilitators in Vihiga,2025-06-26 10:22:22,https://www.kenyanews.go.ke/ffbs-empowers-community-based-facilitators-in-vihiga/,Neutral,0.0,5,General Farming & Seeds,['Vihiga'],[]
Kenya News Agency,"Needy Turkana families receive 4,400 goats for restocking",2025-06-26 10:17:08,https://www.kenyanews.go.ke/needy-turkana-families-receive-4400-goats-for-restocking/,Negative,-0.34,5,General Farming & Seeds,['Turkana'],[]
Kenya News Agency,Turkana expands livestock vaccination to remote areas,2025-06-25 18:07:57,https://www.kenyanews.go.ke/turkana-expands-livestock-vaccination-to-remote-areas/,Positive,0.1027,0,Livestock & Disease,['Turkana'],[]
Kenya News Agency,Turkana equips artisanal miners with modern tools,2025-06-25 18:01:55,https://www.kenyanews.go.ke/turkana-equips-artisanal-miners-with-modern-tools/,Neutral,0.0,5,General Farming & Seeds,['Turkana'],[]
Kenya News Agency,"Kwale, NIA partner to scale up food security",2025-06-25 17:55:57,https://www.kenyanews.go.ke/kwale-nia-partner-to-scale-up-food-security/,Positive,0.34,5,General Farming & Seeds,['Kwale'],[]
Kenya News Agency,Turkana families receive goats in restocking exercise,2025-06-25 15:39:37,https://www.kenyanews.go.ke/turkana-families-receive-goats-in-restocking-exercise/,Neutral,0.0,5,General Farming & Seeds,['Turkana'],[]
Kenya News Agency,Kenya bags Sh39.9B from coffee exports,2025-06-25 14:53:39,https://www.kenyanews.go.ke/kenya-bags-sh39-9b-from-coffee-exports/,Neutral,0.0,5,General Farming & Seeds,[],['Coffee']
Kenya News Agency,Kwale distributes 13 fibreglass boats to boost blue economy,2025-06-25 11:18:45,https://www.kenyanews.go.ke/kwale-distributes-13-fibreglass-boats-to-boost-blue-economy/,Positive,0.4019,1,Government Programmes,['Kwale'],[]
Kenya News Agency,County seeks to unlock Sh3B potential in poultry sub sector,2025-06-24 15:52:34,https://www.kenyanews.go.ke/county-seeks-to-unlock-sh3b-potential-in-poultry-sub-sector/,Neutral,0.0,5,General Farming & Seeds,[],[]
Kenya News Agency,Meru dairy farmers upbeat after govt pledges support,2025-06-23 11:12:29,https://www.kenyanews.go.ke/meru-dairy-farmers-upbeat-after-govt-pledges-support/,Positive,0.4019,3,Dairy & Macadamia,['Meru'],[]
Kenya News Agency,President Ruto announces cost reduction for sexed semen,2025-06-22 12:55:33,https://www.kenyanews.go.ke/president-ruto-announces-cost-reduction-for-sexed-semen/,Neutral,0.0,5,General Farming & Seeds,[],[]
Kenya News Agency,Busia farmers adapt climate smart agriculture to tackle climate change,2025-06-22 12:29:51,https://www.kenyanews.go.ke/busia-farmers-adapt-climate-smart-agriculture-to-tackle-climate-change/,Positive,0.4019,5,General Farming & Seeds,['Busia'],[]
Kenya News Agency,Embu County Ink Deal On Bio-fortified Nyota Beans Farming,2025-06-21 14:21:35,https://www.kenyanews.go.ke/embu-county-ink-deal-on-bio-fortified-nyota-beans-farming/,Neutral,0.0,5,General Farming & Seeds,['Embu'],['Beans']
Kenya News Agency,"Coffee Farmers to Benefit from Regenerative, Climate-Smart Agriculture",2025-06-21 13:14:24,https://www.kenyanews.go.ke/coffee-farmers-to-benefit-from-regenerative-climate-smart-agriculture/,Positive,0.4588,5,General Farming & Seeds,[],['Coffee']
Kenya News Agency,Devolved units to drive modern biotech awareness,2025-06-20 19:12:45,https://www.kenyanews.go.ke/devolved-units-to-drive-modern-biotech-awareness/,Neutral,0.0,5,General Farming & Seeds,[],[]
Kenya News Agency,Calls for an enabling business environment for organic inputs sector to thrive,2025-06-19 17:53:15,https://www.kenyanews.go.ke/calls-for-an-enabling-business-environment-for-organic-inputs-sector-to-thrive/,Neutral,0.0,5,General Farming & Seeds,[],[]
Kenya News Agency,Vulnerable households receive livestock boost in West Pokot,2025-06-19 17:46:23,https://www.kenyanews.go.ke/vulnerable-households-receive-livestock-boost-in-west-pokot/,Positive,0.2023,0,Livestock & Disease,['West Pokot'],[]
Kenya News Agency,Kenya sets bold plan to revive coffee industry,2025-06-19 16:02:50,https://www.kenyanews.go.ke/kenya-sets-bold-plan-to-revive-coffee-industry/,Positive,0.6124,5,General Farming & Seeds,[],['Coffee']
Kenya News Agency,Migori bans movement of pigs,2025-06-19 14:42:11,https://www.kenyanews.go.ke/migori-bans-movement-of-pigs/,Neutral,0.0,5,General Farming & Seeds,['Migori'],[]
Kenya News Agency,Officers issued with motorbikes to enhance agricultural extension Services,2025-06-19 12:30:30,https://www.kenyanews.go.ke/officers-issued-with-motorbikes-to-enhance-agricultural-extension-services/,Neutral,0.0,5,General Farming & Seeds,[],[]
Kenya News Agency,Kenya classified as a low-risk country under EU’s new deforestation regulations,2025-06-18 14:54:35,https://www.kenyanews.go.ke/kenya-classified-as-a-low-risk-country-under-eus-new-deforestation-regulations/,Neutral,0.0,5,General Farming & Seeds,[],[]
Kenya News Agency,Vihiga leaders call for Government intervention to revive tea sector,2025-06-17 16:37:31,https://www.kenyanews.go.ke/vihiga-leaders-call-for-government-intervention-to-revive-tea-sector/,Positive,0.34,2,Cash Crops (Tea/Coffee/Sugar),['Vihiga'],['Tea']
Kenya News Agency,Pig farming initiative poised to boost agribusiness in Lari,2025-06-17 15:35:12,https://www.kenyanews.go.ke/pig-farming-initiative-poised-to-boost-agribusiness-in-lari/,Positive,0.5719,1,Government Programmes,[],[]
Kenya News Agency,Government injects Sh 3.5 billion to revitalize the tea sector,2025-06-17 15:32:09,https://www.kenyanews.go.ke/government-injects-sh-3-5-billion-to-revitalize-the-tea-sector/,Neutral,0.0,2,Cash Crops (Tea/Coffee/Sugar),[],['Tea']
Kenya News Agency,Preparations are in top gear as ASK show beckons,2025-06-17 12:10:01,https://www.kenyanews.go.ke/preparations-are-in-top-gear-as-ask-show-beckons/,Positive,0.2023,5,General Farming & Seeds,[],[]
Kenya News Agency,Residents welcome the establishment of a research and Farmers’ Training Centre,2025-06-17 11:25:41,https://www.kenyanews.go.ke/residents-welcome-the-establishment-of-a-research-and-farmers-training-centre/,Positive,0.4588,5,General Farming & Seeds,[],[]
Kenya News Agency,Government to distribute 12.5 million bags of planting and top-dressing fertiliser,2025-06-15 15:28:07,https://www.kenyanews.go.ke/government-to-distribute-12-5-million-bags-of-planting-and-top-dressing-fertiliser/,Neutral,0.0,2,Cash Crops (Tea/Coffee/Sugar),[],[]
Kenya News Agency,‘Kahawa na Mama’ programme uplifts Nandi’s Women and revives a lost crop,2025-06-15 15:09:16,https://www.kenyanews.go.ke/kahawa-na-mama-programme-uplifts-nandis-women-and-revives-a-lost-crop/,Positive,0.0772,1,Government Programmes,['Nandi'],[]
Kenya News Agency,Busia Sugarcane farmers agree to revive BOCO,2025-06-14 12:49:24,https://www.kenyanews.go.ke/busia-sugarcane-farmers-agree-to-revive-boco/,Positive,0.5994,5,General Farming & Seeds,['Busia'],['Sugar']
Kenya News Agency,Oparanya rallies counties to triple coffee production,2025-06-13 18:36:28,https://www.kenyanews.go.ke/oparanya-rallies-counties-to-triple-coffee-production/,Neutral,0.0,5,General Farming & Seeds,[],['Coffee']
Kenya News Agency,"CGA, GIZ unveils hubs to empower smallholders farmers",2025-06-13 14:55:28,https://www.kenyanews.go.ke/cga-giz-unveils-hubs-to-empower-smallholders-farmers/,Neutral,0.0,5,General Farming & Seeds,[],[]
Kenya News Agency,Govt injects Sh6M into Weiwei irrigation to boost production,2025-06-13 14:17:10,https://www.kenyanews.go.ke/govt-injects-sh60m-into-weiwei-irrigation-to-boost-production/,Positive,0.4019,3,Dairy & Macadamia,[],[]
Kenya News Agency,Nyamira launches dairy breed improvement programme,2025-06-12 18:27:01,https://www.kenyanews.go.ke/nyamira-county-launches-dairy-breed-improvement-programme/,Positive,0.4588,1,Government Programmes,['Nyamira'],[]
Kenya News Agency,Farmers in East Ugenya receive kienyeji chicks to boost poultry production,2025-06-12 14:21:03,https://www.kenyanews.go.ke/farmers-in-east-ugenya-receive-kienyeji-chicks-to-boost-poultry-production/,Positive,0.4019,1,Government Programmes,[],[]
Kenya News Agency,Farmers urged to address soil health for better yields,2025-06-12 14:05:08,https://www.kenyanews.go.ke/farmers-urged-to-address-soil-health-for-better-yields/,Positive,0.4404,4,Soil & Yield Improvement,[],[]
Kenya News Agency,Biotechnology Expert reassure consumers of safety of produce,2025-06-11 21:15:52,https://www.kenyanews.go.ke/biotechnology-expert-reassure-consumers-of-safety-of-produce/,Positive,0.6369,5,General Farming & Seeds,[],[]
Kenya News Agency,CS Kagwe raises alarm on banned pesticide cartels,2025-06-11 18:53:19,https://www.kenyanews.go.ke/cs-kagwe-raises-alarm-on-banned-pesticide-cartels/,Negative,-0.6597,5,General Farming & Seeds,[],[]
Kenya News Agency,Government assures safety of GMOs,2025-06-11 15:08:09,https://www.kenyanews.go.ke/government-assures-safety-of-gmos/,Positive,0.6249,2,Cash Crops (Tea/Coffee/Sugar),[],[]
Kenya News Agency,Farmers urged to embrace production and use of biochar to restore soils,2025-06-11 13:49:38,https://www.kenyanews.go.ke/farmers-urged-to-embrace-production-and-use-of-biochar-to-restore-soils/,Positive,0.5423,4,Soil & Yield Improvement,[],[]
Kenya News Agency,KALRO hosts conference to strengthen agricultural research impact,2025-06-10 12:04:33,https://www.kenyanews.go.ke/kalro-hosts-conference-to-strengthen-agricultural-research-impact/,Positive,0.3182,5,General Farming & Seeds,[],[]
Kenya News Agency,Govt banks on reforms to triple coffee production,2025-06-09 17:44:29,https://www.kenyanews.go.ke/govt-banks-on-reforms-to-triple-coffee-production/,Neutral,0.0,3,Dairy & Macadamia,[],['Coffee']
Kenya News Agency,Nakuru unveils AI tool to enhance agriculture,2025-06-09 16:00:15,https://www.kenyanews.go.ke/nakuru-unveils-ai-tool-to-enhance-agriculture/,Neutral,0.0,5,General Farming & Seeds,['Nakuru'],[]
Kenya News Agency,Regenerative agriculture builds farmer resilience to Climate Change,2025-06-09 15:42:06,https://www.kenyanews.go.ke/regenerative-agriculture-builds-farmer-resilience-to-climate-change/,Neutral,0.0,5,General Farming & Seeds,[],[]
Kenya News Agency,Uasin Gishu distributes high-quality livestock seeds,2025-06-09 13:39:42,https://www.kenyanews.go.ke/uasin-gishu-distributes-high-quality-livestock-seeds/,Neutral,0.0,0,Livestock & Disease,['Uasin Gishu'],[]
Kenya News Agency,Women turn to vegetable farming for steady income,2025-06-09 13:25:55,https://www.kenyanews.go.ke/women-turn-to-vegetable-farming-for-steady-income/,Neutral,0.0,5,General Farming & Seeds,[],['Tea']
Kenya News Agency,Migori county partners with KENAF to boost agricultural production,2025-06-07 15:15:49,https://www.kenyanews.go.ke/migori-county-partners-with-kenaf-to-boost-agricultural-production/,Positive,0.4019,1,Government Programmes,['Migori'],[]
Kenya News Agency,Farmers empowered to preserve indigenous seed varieties,2025-06-06 17:56:50,https://www.kenyanews.go.ke/farmers-empowered-to-preserve-indigenous-seed-varieties/,Neutral,0.0,5,General Farming & Seeds,[],[]
Kenya News Agency,"Women adopt vertical gardens to boost food, income",2025-06-06 11:09:42,https://www.kenyanews.go.ke/women-adopt-vertical-gardens-to-boost-food-income/,Positive,0.5267,1,Government Programmes,[],[]
Kenya News Agency,Govt reaffirms ban on raw Macadamia exports,2025-06-05 09:20:20,https://www.kenyanews.go.ke/govt-reaffirms-ban-on-raw-macadamia-exports/,Negative,-0.5574,3,Dairy & Macadamia,[],[]
Kenya News Agency,Govt upgrades agri-curricula with tech to attract youth,2025-06-04 16:38:33,https://www.kenyanews.go.ke/govt-upgrades-agri-curricula-with-tech-to-attract-youth/,Positive,0.3612,3,Dairy & Macadamia,[],[]
Kenya News Agency,Govt streamlines horticulture sector for economic gains,2025-06-04 14:12:33,https://www.kenyanews.go.ke/govt-streamlines-horticulture-sector-for-economic-gains/,Positive,0.34,3,Dairy & Macadamia,[],[]
Kenya News Agency,Farmers set to benefit from digital agricultural trading in Makueni,2025-06-04 13:28:31,https://www.kenyanews.go.ke/farmers-set-to-benefit-from-digital-agricultural-trading-in-makueni/,Positive,0.4588,5,General Farming & Seeds,['Makueni'],[]
Kenya News Agency,Kenya opens Africa’s biggest flower expo with calls for export reforms in trade and logistics,2025-06-03 17:58:48,https://www.kenyanews.go.ke/kenya-opens-africas-biggest-flower-expo-with-calls-for-export-reforms-in-trade-and-logistics/,Neutral,0.0,5,General Farming & Seeds,[],[]
Kenya News Agency,Scaling data and innovation to enhance soil fertility and health across Africa,2025-06-03 17:49:18,https://www.kenyanews.go.ke/scaling-data-and-innovation-to-enhance-soil-fertility-and-health-across-africa/,Positive,0.3818,4,Soil & Yield Improvement,[],[]
Kenya News Agency,Government injects Sh20 million to upgrade Luanda Ginnery in Busia,2025-06-03 14:14:27,https://www.kenyanews.go.ke/government-injects-sh20-million-to-upgrade-luanda-ginnery-in-busia/,Neutral,0.0,2,Cash Crops (Tea/Coffee/Sugar),['Busia'],[]
Kenya News Agency,State in fresh drive to enforce 50-kg Irish potato bag rules,2025-06-03 13:44:34,https://www.kenyanews.go.ke/state-in-fresh-drive-to-enforce-50-kg-irish-potato-bag-rules/,Positive,0.3182,5,General Farming & Seeds,[],[]
Kenya News Agency,Farmers in Makueni County trained on new technologies food preservation,2025-06-03 10:53:40,https://www.kenyanews.go.ke/farmers-in-makueni-county-trained-on-new-technologies-food-preservation/,Neutral,0.0,5,General Farming & Seeds,['Makueni'],[]
Kenya News Agency,PS Mang’eni champions edible oil farming in Busia,2025-06-01 16:44:22,https://www.kenyanews.go.ke/ps-mangeni-champions-edible-oil-farming-in-busia/,Positive,0.5267,5,General Farming & Seeds,['Busia'],[]
Kenya News Agency,Juncao grass offers hope to Turkana livestock keepers,2025-06-01 16:05:12,https://www.kenyanews.go.ke/juncao-grass-offers-hope-to-turkana-livestock-keepers/,Positive,0.4404,0,Livestock & Disease,['Turkana'],[]
Kenya News Agency,"Govt restocks Turkwel Dam with 80,000 fingerlings",2025-05-31 18:12:45,https://www.kenyanews.go.ke/govt-restocks-turkwel-dam-with-80000-fingerlings/,Neutral,0.0,3,Dairy & Macadamia,[],[]
Kenya News Agency,State to purchase all Mwea rice in stock,2025-05-31 12:00:19,https://www.kenyanews.go.ke/state-to-purchase-all-mwea-rice-in-stock/,Neutral,0.0,5,General Farming & Seeds,[],['Rice']
Kenya News Agency,Kenya and Brazil sign MOU to promote agriculture,2025-05-30 16:45:41,https://www.kenyanews.go.ke/kenya-and-brazil-sign-mou-to-promote-agriculture/,Positive,0.3818,5,General Farming & Seeds,[],[]
Kenya News Agency,WoFaAK Vihiga Chapter Hosts Empowerment Event to Promote Agro-Processing,2025-05-30 16:03:26,https://www.kenyanews.go.ke/151435-2/,Positive,0.3818,5,General Farming & Seeds,['Vihiga'],[]
Kenya News Agency,Boost for Murang’a avocado farmers as county launches first modern packaging plant,2025-05-30 15:50:29,https://www.kenyanews.go.ke/boost-for-muranga-avocado-farmers-as-county-launches-first-modern-packaging-plant/,Positive,0.4019,1,Government Programmes,[],['Avocado']
Kenya News Agency,Funding livestock disease management,2025-05-30 11:15:56,https://www.kenyanews.go.ke/funding-livestock-disease-management/,Neutral,0.0,0,Livestock & Disease,[],[]
Kenya News Agency,Boost for coffee farmers as county constructs warehouse for storage,2025-05-28 16:38:26,https://www.kenyanews.go.ke/boost-for-coffee-farmers-as-county-constructs-warehouse-for-storage/,Positive,0.4019,1,Government Programmes,[],['Coffee']
Kenya News Agency,Turkana scales up targeted livestock vaccination,2025-05-28 14:38:44,https://www.kenyanews.go.ke/turkana-scales-up-targeted-livestock-vaccination/,Neutral,0.0,0,Livestock & Disease,['Turkana'],[]
Kenya News Agency,Migori County Lags Behind in Oil Crop Production,2025-05-28 14:34:09,https://www.kenyanews.go.ke/migori-county-lag-behind-in-oil-crop-production/,Negative,-0.3612,5,General Farming & Seeds,['Migori'],[]
Kenya News Agency,Youth urged to embrace aquaculture,2025-05-27 17:01:48,https://www.kenyanews.go.ke/youth-urged-to-embrace-aquaculture/,Positive,0.3182,4,Soil & Yield Improvement,[],[]
Kenya News Agency,Dairy farmer excels in rural Vihiga,2025-05-27 12:15:03,https://www.kenyanews.go.ke/dairy-farmer-excels-in-rural-vihiga/,Positive,0.5423,5,General Farming & Seeds,['Vihiga'],[]
Kenya News Agency,Challenges facing animal feeds industry in Nyahururu town,2025-05-26 15:13:54,https://www.kenyanews.go.ke/challenges-facing-animal-feeds-industry-in-nyahururu-town/,Positive,0.0772,5,General Farming & Seeds,[],[]
Kenya News Agency,Sowing seeds of hope in Elgeyo Marakwet’s green revolution,2025-05-26 15:09:48,https://www.kenyanews.go.ke/sowing-seeds-of-hope-in-elgeyo-marakwets-green-revolution/,Positive,0.4404,5,General Farming & Seeds,['Elgeyo Marakwet'],[]
Kenya News Agency,Governor dismisses Egerton’s report on Nyandarua potato farming,2025-05-26 14:59:17,https://www.kenyanews.go.ke/governor-dismisses-egertons-report-on-nyandarua-potato-farming/,Neutral,0.0,5,General Farming & Seeds,['Nyandarua'],[]
Kenya News Agency,Coffee farming revived in Vihiga County to boost economy and livelihoods,2025-05-26 10:16:21,https://www.kenyanews.go.ke/coffee-farming-revived-in-vihiga-county-to-boost-economy-and-livelihoods/,Positive,0.5574,1,Government Programmes,['Vihiga'],['Coffee']
Kenya News Agency,Kericho Bets Big on Ward-Based Cooperatives to Revolutionize Farming,2025-05-24 17:02:44,https://www.kenyanews.go.ke/kericho-bets-big-on-ward-based-cooperatives-to-revolutionize-farming/,Neutral,0.0,5,General Farming & Seeds,['Kericho'],[]
Kenya News Agency,Government Issues Free Coffee Seedlings to Boost Coffee Farming in Busia,2025-05-24 14:16:55,https://www.kenyanews.go.ke/government-issues-free-coffee-seedlings-to-boost-coffee-farming-in-busia/,Positive,0.7184,2,Cash Crops (Tea/Coffee/Sugar),['Busia'],['Coffee']
Kenya News Agency,"Government to triple coffee production within five years, CS Oparanya",2025-05-24 13:14:04,https://www.kenyanews.go.ke/government-to-triple-coffee-production-within-five-years-cs-oparanya/,Neutral,0.0,2,Cash Crops (Tea/Coffee/Sugar),[],['Coffee']
Kenya News Agency,KALRO expands certified seed access with New Mkulima Shop in Kericho,2025-05-23 17:58:52,https://www.kenyanews.go.ke/kalro-expands-certified-seed-access-with-new-mkulima-shop-in-kericho/,Positive,0.1027,5,General Farming & Seeds,['Kericho'],[]
Kenya News Agency,County routes for climate-smart agriculture to boost potato production,2025-05-23 17:04:16,https://www.kenyanews.go.ke/county-routes-for-climate-smart-agriculture-to-boost-potato-production/,Positive,0.4019,1,Government Programmes,[],[]
Kenya News Agency,Farmers gain vital insights from agriculture expo on sustainable & resilient farming,2025-05-23 14:23:24,https://www.kenyanews.go.ke/farmers-gain-vital-insights-from-agriculture-expo-on-sustainable-resilient-farming/,Positive,0.6808,5,General Farming & Seeds,[],[]
Kenya News Agency,FINAS 2025 summit closes with a call to re-think financing for the agricultural sector,2025-05-23 14:13:23,https://www.kenyanews.go.ke/finas-2025-summit-closes-with-a-call-to-re-think-financing-for-the-agricultural-sector/,Neutral,0.0,5,General Farming & Seeds,[],[]
Kenya News Agency,Experts to meet and address matters Biotechnology,2025-05-23 11:28:02,https://www.kenyanews.go.ke/experts-to-meet-and-address-matters-biotechnology/,Neutral,0.0258,5,General Farming & Seeds,[],[]
Kenya News Agency,Establishing robust testing key in fighting Maize Lethal Necrosis,2025-05-23 11:23:58,https://www.kenyanews.go.ke/establishing-robust-testing-key-in-fighting-maize-lethal-necrosis/,Neutral,-0.0258,5,General Farming & Seeds,[],['Maize']
Kenya News Agency,"Let your ideas make economic sense before venturing, Youths Urged",2025-05-22 16:29:13,https://www.kenyanews.go.ke/let-your-ideas-make-sense-before-venturing-youths-urged/,Neutral,0.0,4,Soil & Yield Improvement,[],[]
Kenya News Agency,Power of financial inclusion making small holder farmer bankable,2025-05-22 15:40:51,https://www.kenyanews.go.ke/power-of-financial-inclusion-making-small-holder-farmer-bankable/,Neutral,0.0,5,General Farming & Seeds,[],[]
Kenya News Agency,Government unveils bold reforms to boost tea sector and farmers’ welfare,2025-05-22 11:25:11,https://www.kenyanews.go.ke/government-unveils-bold-reforms-to-boost-tea-sector-and-farmers-welfare/,Positive,0.6486,2,Cash Crops (Tea/Coffee/Sugar),[],['Tea']
Kenya News Agency,County Launches Tea Buying Centre and Agricultural Equipment for Belgut Farmers,2025-05-22 11:13:34,https://www.kenyanews.go.ke/county-launches-tea-buying-centre-and-agricultural-equipment-for-belgut-farmers/,Neutral,0.0,1,Government Programmes,[],['Tea']
Kenya News Agency,Apiculture yields Sh19.23 billion in GDP,2025-05-21 16:03:02,https://www.kenyanews.go.ke/apiculture-yields-sh19-23-billion-in-gdp/,Neutral,0.0,4,Soil & Yield Improvement,[],[]
Kenya News Agency,Caring for Chicken to Minimise the Mortality Rate,2025-05-21 15:47:52,https://www.kenyanews.go.ke/caring-for-chicken-to-minimise-the-mortality-rate/,Positive,0.4939,5,General Farming & Seeds,[],[]
Kenya News Agency,Mangu Ward benefit from Agricultural revitalization Program,2025-05-21 14:30:11,https://www.kenyanews.go.ke/mangu-ward-benefit-from-agricultural-revitalization-program/,Positive,0.4588,5,General Farming & Seeds,[],[]
Kenya News Agency,Weeds and pest killers a threat to bees’ survival,2025-05-21 14:21:02,https://www.kenyanews.go.ke/weeds-and-pest-killers-a-threat-to-bees-survival/,Negative,-0.8271,5,General Farming & Seeds,[],[]
Kenya News Agency,The COMESA variety catalogue database ensures reliable quality of seeds,2025-05-21 09:51:10,https://www.kenyanews.go.ke/the-comesa-variety-catalogue-database-ensures-reliable-quality-of-seeds/,Neutral,0.0,5,General Farming & Seeds,[],[]
Kenya News Agency,Kenya collaborates with regional states to ensure access to improved seeds varieties,2025-05-20 17:18:42,https://www.kenyanews.go.ke/kenya-collaborates-with-regional-states-to-ensure-access-to-improved-seeds-varieties/,Positive,0.6908,5,General Farming & Seeds,[],[]
Kenya News Agency,FINAS 2025 conference Kicks Off,2025-05-20 16:23:22,https://www.kenyanews.go.ke/finas-2025-conference-kicks-off/,Neutral,0.0,5,General Farming & Seeds,[],[]
Kenya News Agency,"Expect even higher payouts, coffee farmers told",2025-05-20 16:04:08,https://www.kenyanews.go.ke/expect-even-higher-payouts-coffee-farmers-told/,Neutral,0.0,5,General Farming & Seeds,[],['Coffee']
Kenya News Agency,Cassava: The smart crop transforming lives in Elgeyo Marakwet’s Kerio Valley,2025-05-18 11:36:10,https://www.kenyanews.go.ke/cassava-the-smart-crop-transforming-lives-in-elgeyo-marakwets-kerio-valley/,Positive,0.4019,5,General Farming & Seeds,['Elgeyo Marakwet'],['Cassava']
Kenya News Agency,"Uasin Gishu coffee farmers to receive 200,000 to boost production",2025-05-18 11:07:16,https://www.kenyanews.go.ke/uasin-gishu-coffee-farmers-to-receive-200000-to-boost-production/,Positive,0.4019,1,Government Programmes,['Uasin Gishu'],['Coffee']
Kenya News Agency,Youth embrace zero-waste model rabbit rearing venture,2025-05-17 15:43:37,https://www.kenyanews.go.ke/youth-embrace-zero-waste-model-rabbit-rearing-venture/,Positive,0.3182,5,General Farming & Seeds,[],[]
Kenya News Agency,Kwale farmers embrace climate resilience agriculture to increase productivity,2025-05-17 13:44:15,https://www.kenyanews.go.ke/kwale-farmers-embrace-climate-resilience-agriculture-to-increase-productivity/,Positive,0.5574,5,General Farming & Seeds,['Kwale'],[]
Kenya News Agency,Farmers benefit with quality seeds and modern farming techniques,2025-05-15 17:46:26,https://www.kenyanews.go.ke/farmers-benefit-with-quality-seeds-and-modern-farming-techniques/,Positive,0.4588,5,General Farming & Seeds,[],[]
Kenya News Agency,Rooted in resilience: How cassava is powering Kenya’s climate-smart future,2025-05-15 17:05:55,https://www.kenyanews.go.ke/rooted-in-resilience-how-cassava-is-powering-kenyas-climate-smart-future/,Neutral,0.0,5,General Farming & Seeds,[],['Cassava']
Kenya News Agency,Success by Kelcop creating jobs in the country through livestock production,2025-05-15 15:14:55,https://www.kenyanews.go.ke/success-by-kelcop-creating-jobs-in-the-country-through-livestock-production/,Positive,0.7096,0,Livestock & Disease,[],[]
Kenya News Agency,Keiyo residents receive heifers from the county government,2025-05-15 15:11:10,https://www.kenyanews.go.ke/keiyo-residents-receive-heifers-from-the-county-government/,Neutral,0.0,2,Cash Crops (Tea/Coffee/Sugar),[],[]
Kenya News Agency,IFAD conducts KeLCoP mid-term review in Kakamega County,2025-05-15 14:54:28,https://www.kenyanews.go.ke/ifad-conducts-kelcop-mid-term-review-in-kakamega-county/,Neutral,0.0,5,General Farming & Seeds,['Kakamega'],[]
Kenya News Agency,Dairy farmers urged to leverage on ongoing rains for fodder,2025-05-14 15:12:31,https://www.kenyanews.go.ke/dairy-farmers-urged-to-leverage-on-on-going-rains-for-fodder/,Neutral,0.0,4,Soil & Yield Improvement,[],[]
Kenya News Agency,Agricultural experts vouche for organic urban farming,2025-05-14 15:02:03,https://www.kenyanews.go.ke/agricultural-experts-vouche-for-organic-urban-farming/,Neutral,0.0,5,General Farming & Seeds,[],[]
Kenya News Agency,Nairobi to host International Floriculture Expo in June,2025-05-14 10:26:32,https://www.kenyanews.go.ke/nairobi-to-host-international-floriculture-expo-in-june/,Neutral,0.0,5,General Farming & Seeds,['Nairobi'],[]
Kenya News Agency,Farmers Adopt Smart Agriculture for Sustainability,2025-05-13 12:35:23,https://www.kenyanews.go.ke/farmers-adopt-smart-agriculture-for-sustainability/,Positive,0.5267,5,General Farming & Seeds,[],[]
Kenya News Agency,Nakuru governor spearheads revival of pyrethrum growing,2025-05-13 11:20:52,https://www.kenyanews.go.ke/nakuru-governor-spearheads-revival-of-pyrethrum-growing/,Positive,0.1779,5,General Farming & Seeds,['Nakuru'],[]
Kenya News Agency,"Over 25,000 goats and sheep vaccinated and treated",2025-05-13 10:20:08,https://www.kenyanews.go.ke/over-25000-goats-and-sheep-vaccinated-and-treated/,Neutral,0.0,5,General Farming & Seeds,[],[]
Kenya News Agency,Cane Farmers Demand Sony Sugar Company to Settle Sh317 Million Debts,2025-05-12 09:24:38,https://www.kenyanews.go.ke/cane-farmers-demand-sony-sugar-company-to-settle-sh317-million-debts/,Negative,-0.128,2,Cash Crops (Tea/Coffee/Sugar),[],['Sugar']
Kenya News Agency,Government completes the leasing process of four sugar factories,2025-05-11 15:30:03,https://www.kenyanews.go.ke/government-completes-the-leasing-process-of-four-sugar-factories/,Neutral,0.0,2,Cash Crops (Tea/Coffee/Sugar),[],['Sugar']
Kenya News Agency,Government to pay dues owed to sugarcane farmers and sugar factory workers,2025-05-10 16:07:05,https://www.kenyanews.go.ke/government-to-pay-dues-owed-to-sugarcane-farmers-and-sugar-factory-workers/,Negative,-0.1027,2,Cash Crops (Tea/Coffee/Sugar),[],['Sugar']
Kenya News Agency,Siaya County trains farmers on good practices,2025-05-09 14:45:26,https://www.kenyanews.go.ke/siaya-county-trains-farmers-on-good-practices/,Positive,0.4404,5,General Farming & Seeds,['Siaya'],[]
Kenya News Agency,Organization equips village-based agents with skills to bolster agribusiness,2025-05-09 13:31:02,https://www.kenyanews.go.ke/organization-equips-village-based-agents-with-skills-to-bolster-agribusiness/,Neutral,0.0,5,General Farming & Seeds,[],[]
Kenya News Agency,Government assures the public on the safety of GMO products,2025-05-09 12:53:19,https://www.kenyanews.go.ke/government-assures-the-public-on-the-safety-of-gmo-products/,Positive,0.6249,2,Cash Crops (Tea/Coffee/Sugar),[],[]
