source,title,url,date,scraped_at,year,month,title_clean,counties_mentioned,commodities_mentioned,county_count,commodity_count,title_length,word_count
Kenya News Agency,Sugarcane farming cut to focus on food production,https://www.kenyanews.go.ke/sugarcane-farming-cut-to-focus-on-food-production/,2026-05-07 09:14:26,2026-05-07,2026,5,Sugarcane farming cut to focus on food production,[],['Sugar'],0,1,49,8
Kenya News Agency,Coffee revival gains ground,https://www.kenyanews.go.ke/coffee-revival-gains-ground/,2026-05-06 14:16:40,2026-05-07,2026,5,Coffee revival gains ground,[],['Coffee'],0,1,27,4
Kenya News Agency,Young Murang’a women opt for economic independence through farming,https://www.kenyanews.go.ke/young-muranga-women-opt-for-economic-independence-through-farming/,2026-05-06 10:14:25,2026-05-07,2026,5,Young Murang’a women opt for economic independence through farming,[],[],0,0,66,9
Kenya News Agency,Rains choke tomato supply in Kisumu,https://www.kenyanews.go.ke/rains-choke-tomato-supply-in-kisumu/,2026-05-06 10:02:53,2026-05-07,2026,5,Rains choke tomato supply in Kisumu,['Kisumu'],[],1,0,35,6
Kenya News Agency,Kandie launches annual fruition programme to boost farmers’ livelihoods,https://www.kenyanews.go.ke/kandie-launches-annual-fruition-programme-to-boost-farmers-livelihoods/,2026-05-05 12:50:53,2026-05-07,2026,5,Kandie launches annual fruition programme to boost farmers’ livelihoods,[],[],0,0,71,9
Kenya News Agency,Registration delays slow livestock vaccination in Meru County,https://www.kenyanews.go.ke/registration-delays-slow-livestock-vaccination-in-meru-county/,2026-05-05 12:10:05,2026-05-07,2026,5,Registration delays slow livestock vaccination in Meru County,['Meru'],[],1,0,61,8
Kenya News Agency,"Govt outlines reforms in education, health, economy sectors",https://www.kenyanews.go.ke/govt-outlines-reforms-in-education-health-economy-sectors/,2026-05-04 17:55:23,2026-05-07,2026,5,"Govt outlines reforms in education, health, economy sectors",[],[],0,0,59,8
Kenya News Agency,Mandera trains 20 lead farmers to strengthen grassroots agricultural support,https://www.kenyanews.go.ke/mandera-trains-20-lead-farmers-to-strengthen-grassroots-agricultural-support/,2026-05-03 13:11:51,2026-05-07,2026,5,Mandera trains 20 lead farmers to strengthen grassroots agricultural support,['Mandera'],[],1,0,76,10
Kenya News Agency,Farmers urged to boost cotton production to sustain new ginnery,https://www.kenyanews.go.ke/farmers-urged-to-boost-cotton-production-to-sustain-new-ginnery/,2026-05-02 18:41:26,2026-05-07,2026,5,Farmers urged to boost cotton production to sustain new ginnery,[],[],0,0,63,10
Kenya News Agency,Molo dairy farmers urged to go high-tech for higher yields,https://www.kenyanews.go.ke/molo-dairy-farmers-urged-to-go-high-tech-for-higher-yields/,2026-05-02 16:25:44,2026-05-07,2026,5,Molo dairy farmers urged to go high-tech for higher yields,[],[],0,0,58,10
Kenya News Agency,Flower farming chemicals blamed for rising cases of ENT in Naivasha,https://www.kenyanews.go.ke/flower-farming-chemicals-blamed-for-rising-cases-of-ent-in-naivasha/,2026-05-02 15:33:39,2026-05-07,2026,5,Flower farming chemicals blamed for rising cases of ENT in Naivasha,[],[],0,0,67,11
Kenya News Agency,Dry maize stocks steady as prices fluctuate,https://www.kenyanews.go.ke/dry-maize-stocks-steady-as-prices-fluctuate/,2026-05-02 13:58:10,2026-05-07,2026,5,Dry maize stocks steady as prices fluctuate,[],"['Maize', 'Rice', 'Tea']",0,3,43,7
Kenya News Agency,Farmers field school launched in Turkana West,https://www.kenyanews.go.ke/farmers-field-school-launched-in-turkana-west/,2026-05-02 13:52:41,2026-05-07,2026,5,Farmers field school launched in Turkana West,['Turkana'],[],1,0,45,7
Kenya News Agency,"Govt distributes 5,000 coffee seedlings in Igembe South",https://www.kenyanews.go.ke/govt-distributes-5000-coffee-seedlings-in-igembe-south/,2026-05-01 16:44:59,2026-05-07,2026,5,"Govt distributes 5,000 coffee seedlings in Igembe South",[],['Coffee'],0,1,55,8
Kenya News Agency,First Lady launches projects at Unoa primary comprehensive school,https://www.kenyanews.go.ke/first-lady-launches-projects-at-unoa-primary-comprehensive-school/,2026-05-01 12:47:50,2026-05-07,2026,5,First Lady launches projects at Unoa primary comprehensive school,[],[],0,0,65,9
Kenya News Agency,West Pokot moves to champion agroecology in bold agricultural shift,https://www.kenyanews.go.ke/west-pokot-moves-to-champion-agroecology-in-bold-agricultural-shift/,2026-04-30 16:22:01,2026-05-07,2026,4,West Pokot moves to champion agroecology in bold agricultural shift,['West Pokot'],[],1,0,67,10
Kenya News Agency,Macadamia farmers’ agony over ban on raw nuts,https://www.kenyanews.go.ke/macadamia-farmers-agony-over-ban-on-raw-nuts/,2026-04-30 16:10:31,2026-05-07,2026,4,Macadamia farmers’ agony over ban on raw nuts,[],[],0,0,45,8
Kenya News Agency,"Vihiga, CGA sign deal to boost agribusiness",https://www.kenyanews.go.ke/vihiga-cga-sign-deal-to-boost-agribusiness/,2026-04-30 16:08:44,2026-05-07,2026,4,"Vihiga, CGA sign deal to boost agribusiness",['Vihiga'],[],1,0,43,7
Kenya News Agency,Taita Taveta digitizing livestock value chain,https://www.kenyanews.go.ke/taita-taveta-digitizing-livestock-value-chain/,2026-04-30 16:06:14,2026-05-07,2026,4,Taita Taveta digitizing livestock value chain,['Taita Taveta'],[],1,0,45,6
Kenya News Agency,Traditional vegetables turn lucrative as demand rises,https://www.kenyanews.go.ke/traditional-vegetables-turn-lucrative-as-demand-rises/,2026-04-30 10:44:33,2026-05-07,2026,4,Traditional vegetables turn lucrative as demand rises,[],[],0,0,53,7
Kenya News Agency,Avocado seedlings boost farmers’ incomes at Kangaita Tea Factory,https://www.kenyanews.go.ke/avocado-seedlings-boost-farmers-incomes-at-kangaita-tea-factory/,2026-04-30 10:35:52,2026-05-07,2026,4,Avocado seedlings boost farmers’ incomes at Kangaita Tea Factory,[],"['Tea', 'Avocado']",0,2,64,9
Kenya News Agency,Government unveils plan to revive cashew farming,https://www.kenyanews.go.ke/government-unveils-plan-to-revive-cashew-farming/,2026-04-29 14:33:46,2026-05-07,2026,4,Government unveils plan to revive cashew farming,[],[],0,0,48,7
Kenya News Agency,Hybrid poultry system cuts costs for entrepreneur,https://www.kenyanews.go.ke/hybrid-poultry-system-cuts-costs-for-entrepreneur/,2026-04-29 11:48:23,2026-05-07,2026,4,Hybrid poultry system cuts costs for entrepreneur,[],[],0,0,49,7
Kenya News Agency,Nakuru drafts policy to enhance extension services,https://www.kenyanews.go.ke/nakuru-drafts-policy-to-enhance-extension-services/,2026-04-29 11:04:11,2026-05-07,2026,4,Nakuru drafts policy to enhance extension services,['Nakuru'],[],1,0,50,7
Kenya News Agency,"Migori County’s dream to upgrade dairy, beef production comes true",https://www.kenyanews.go.ke/migori-countys-dream-to-upgrade-dairy-beef-production-comes-true/,2026-04-28 13:14:51,2026-05-07,2026,4,"Migori County’s dream to upgrade dairy, beef production comes true",['Migori'],[],1,0,66,10
Kenya News Agency,Subsidized fertilizer programme boosts yield despite access gaps,https://www.kenyanews.go.ke/subsidized-fertilizer-programme-boosts-yield-despite-access-gaps/,2026-04-28 11:54:38,2026-05-07,2026,4,Subsidized fertilizer programme boosts yield despite access gaps,[],[],0,0,64,8
Kenya News Agency,Kirinyaga coffee payout hits historic Sh7.4 billion,https://www.kenyanews.go.ke/kirinyaga-coffee-payout-hits-historic-sh7-4-billion/,2026-04-27 15:59:45,2026-05-07,2026,4,Kirinyaga coffee payout hits historic Sh7.4 billion,['Kirinyaga'],['Coffee'],1,1,51,7
Kenya News Agency,Flooded West Kano land reclaimed to boost rice output,https://www.kenyanews.go.ke/flooded-west-kano-land-reclaimed-to-boost-rice-output/,2026-04-27 12:05:26,2026-05-07,2026,4,Flooded West Kano land reclaimed to boost rice output,[],['Rice'],0,1,53,9
Kenya News Agency,Farmer builds a profitable dairy enterprise with three cows,https://www.kenyanews.go.ke/farmer-builds-a-profitable-dairy-enterprise-with-three-cows/,2026-04-26 14:09:17,2026-05-07,2026,4,Farmer builds a profitable dairy enterprise with three cows,[],[],0,0,59,9
Kenya News Agency,"Debt bailouts by government no longer tenable, says CS Kagwe",https://www.kenyanews.go.ke/debt-bailouts-by-government-no-longer-tenable-says-cs-kagwe/,2026-04-24 17:50:57,2026-05-07,2026,4,"Debt bailouts by government no longer tenable, says CS Kagwe",[],[],0,0,60,10
Kenya News Agency,Farmer wins motorcycle as certified seeds increase yields,https://www.kenyanews.go.ke/farmer-wins-motorcycle-as-certified-seeds-increase-yields/,2026-04-24 17:37:26,2026-05-07,2026,4,Farmer wins motorcycle as certified seeds increase yields,[],[],0,0,57,8
Kenya News Agency,"Sugarcane farming reports Growth in Tinderet, Nandi",https://www.kenyanews.go.ke/sugarcane-farming-reports-growth-in-tinderet-nandi/,2026-04-24 14:47:44,2026-05-07,2026,4,"Sugarcane farming reports Growth in Tinderet, Nandi",['Nandi'],['Sugar'],1,1,51,7
Kenya News Agency,Agriculture signals possible lift on raw macadamia export ban,https://www.kenyanews.go.ke/agriculture-signals-possible-lift-on-raw-macadamia-export-ban/,2026-04-24 12:34:38,2026-05-07,2026,4,Agriculture signals possible lift on raw macadamia export ban,[],[],0,0,61,9
Kenya News Agency,Kwale farmers decry seed shortage,https://www.kenyanews.go.ke/kwale-farmers-decry-seed-shortage/,2026-04-24 11:43:49,2026-05-07,2026,4,Kwale farmers decry seed shortage,['Kwale'],[],1,0,33,5
Kenya News Agency,Kenyan Coffee Fetches Record Prices at African Trade Fair,https://www.kenyanews.go.ke/kenyan-coffee-fetches-record-prices-at-african-trade-fair/,2026-04-24 11:34:45,2026-05-07,2026,4,Kenyan Coffee Fetches Record Prices at African Trade Fair,[],"['Rice', 'Coffee']",0,2,57,9
Kenya News Agency,Embu banks on young agripreneurs to revolutionize agriculture,https://www.kenyanews.go.ke/embu-banks-on-young-agripreneurs-to-revolutionize-agriculture/,2026-04-24 11:31:01,2026-05-07,2026,4,Embu banks on young agripreneurs to revolutionize agriculture,['Embu'],[],1,0,61,8
Kenya News Agency,Kirinyaga farmers register record coffee rates,https://www.kenyanews.go.ke/kirinyaga-farmers-register-record-coffee-rates/,2026-04-23 16:44:03,2026-05-07,2026,4,Kirinyaga farmers register record coffee rates,['Kirinyaga'],['Coffee'],1,1,46,6
Kenya News Agency,Nyamira ‎farmer wins motorcycle in anti-counterfeit seed campaign,https://www.kenyanews.go.ke/nyamira-%e2%80%8efarmer-wins-motorcycle-in-anti-counterfeit-seed-campaign/,2026-04-23 15:24:30,2026-05-07,2026,4,Nyamira ‎farmer wins motorcycle in anti-counterfeit seed campaign,['Nyamira'],[],1,0,65,8
Kenya News Agency,4000 farmers benefit from climate-smart agribusiness programme,https://www.kenyanews.go.ke/4000-farmers-benefit-from-climate-smart-agribusiness-programme/,2026-04-22 16:01:07,2026-05-07,2026,4,4000 farmers benefit from climate-smart agribusiness programme,[],[],0,0,62,7
Kenya News Agency,Hippos invade crops along shores of Lake Victoria,https://www.kenyanews.go.ke/hippos-invade-crops-along-shores-of-lake-victoria/,2026-04-22 12:45:52,2026-05-07,2026,4,Hippos invade crops along shores of Lake Victoria,[],[],0,0,49,8
Kenya News Agency,Tomato price surge after January glut leaves markets strained,https://www.kenyanews.go.ke/tomato-price-surge-after-january-glut-leaves-markets-strained/,2026-04-21 18:38:58,2026-05-07,2026,4,Tomato price surge after January glut leaves markets strained,[],['Rice'],0,1,61,9
Kenya News Agency,Uasin-Gishu County launches programme to boost agricultural financing,https://www.kenyanews.go.ke/uasin-gishu-county-launches-programme-to-boost-agricultural-financing/,2026-04-21 18:34:40,2026-05-07,2026,4,Uasin-Gishu County launches programme to boost agricultural financing,[],[],0,0,69,8
Kenya News Agency,Escarpment Belt irrigation project takes shape in Lari,https://www.kenyanews.go.ke/escarpment-belt-irrigation-project-takes-shape-in-lari/,2026-04-21 17:13:32,2026-05-07,2026,4,Escarpment Belt irrigation project takes shape in Lari,[],[],0,0,54,8
Kenya News Agency,How irrigation is transforming lives in Buuri East subcounty,https://www.kenyanews.go.ke/how-irrigation-is-transforming-lives-in-buuri-east-subcounty/,2026-04-21 14:55:43,2026-05-07,2026,4,How irrigation is transforming lives in Buuri East subcounty,[],[],0,0,60,9
Kenya News Agency,"CGA, Egerton University partner to promote improved groundnut varieties",https://www.kenyanews.go.ke/cga-egerton-university-partner-to-promote-improved-groundnut-varieties/,2026-04-20 17:46:12,2026-05-07,2026,4,"CGA, Egerton University partner to promote improved groundnut varieties",[],[],0,0,71,9
Kenya News Agency,Farmers turn to organic manure to cut costs and restore soil health,https://www.kenyanews.go.ke/farmers-turn-to-organic-manure-to-cut-costs-and-restore-soil-health/,2026-04-20 17:27:36,2026-05-07,2026,4,Farmers turn to organic manure to cut costs and restore soil health,[],[],0,0,67,12
Kenya News Agency,"KPL champions indigenous seeds, opposes GMOs ahead of key court ruling",https://www.kenyanews.go.ke/kpl-champions-indigenous-seeds-opposes-gmos-ahead-of-key-court-ruling/,2026-04-20 14:04:37,2026-05-07,2026,4,"KPL champions indigenous seeds, opposes GMOs ahead of key court ruling",[],[],0,0,70,11
Kenya News Agency,"Kenya targets youth, technology to revitalize tea sector",https://www.kenyanews.go.ke/kenya-targets-youth-technology-to-revitalize-tea-sector/,2026-04-20 12:22:18,2026-05-07,2026,4,"Kenya targets youth, technology to revitalize tea sector",[],['Tea'],0,1,56,8
Kenya News Agency,Vihiga County intensifies agricultural transformation,https://www.kenyanews.go.ke/vihiga-county-intensifies-agricultural-transformation/,2026-04-18 21:26:29,2026-05-07,2026,4,Vihiga County intensifies agricultural transformation,['Vihiga'],[],1,0,53,5
Kenya News Agency,40 Young Agripreneurs shift to digital spaces as customers embrace online markets,https://www.kenyanews.go.ke/40-young-agripreneurs-shift-to-digital-spaces-as-customers-embrace-online-markets/,2026-04-17 17:05:14,2026-05-07,2026,4,40 Young Agripreneurs shift to digital spaces as customers embrace online markets,[],[],0,0,81,12
Kenya News Agency,Anthrax outbreak confirmed in Vihiga,https://www.kenyanews.go.ke/anthrax-outbreak-confirmed-in-vihiga/,2026-04-17 16:48:24,2026-05-07,2026,4,Anthrax outbreak confirmed in Vihiga,['Vihiga'],[],1,0,36,5
Kenya News Agency,Kiambu farmers set to gain skills and market linkages at upcoming Lari Agricultural Expo,https://www.kenyanews.go.ke/kiambu-farmers-set-to-gain-skills-and-market-linkages-at-upcoming-lari-agricultural-expo/,2026-04-16 12:44:21,2026-05-07,2026,4,Kiambu farmers set to gain skills and market linkages at upcoming Lari Agricultural Expo,['Kiambu'],[],1,0,88,14
Kenya News Agency,ISFAA targets Kilifi in agroecology push and indigenous seeds,https://www.kenyanews.go.ke/isfaa-targets-kilifi-in-agroecology-push-and-indigenous-seeds/,2026-04-15 17:11:21,2026-05-07,2026,4,ISFAA targets Kilifi in agroecology push and indigenous seeds,['Kilifi'],[],1,0,61,9
Kenya News Agency,"New strategy to support farmers, businesses, and create jobs",https://www.kenyanews.go.ke/new-strategy-to-support-farmers-businesses-and-create-jobs/,2026-04-15 17:00:34,2026-05-07,2026,4,"New strategy to support farmers, businesses, and create jobs",[],[],0,0,60,9
Kenya News Agency,Government move to revive coffee farming in Taita Taveta,https://www.kenyanews.go.ke/government-move-to-revive-coffee-farming-in-taita-taveta/,2026-04-15 16:17:41,2026-05-07,2026,4,Government move to revive coffee farming in Taita Taveta,['Taita Taveta'],['Coffee'],1,1,56,9
Kenya News Agency,Vihiga youth embrace fish value addition to boost incomes,https://www.kenyanews.go.ke/vihiga-youth-embrace-fish-value-addition-to-boost-incomes/,2026-04-15 12:09:33,2026-05-07,2026,4,Vihiga youth embrace fish value addition to boost incomes,['Vihiga'],[],1,0,57,9
Kenya News Agency,Tonnes of climate-resilient seeds distributed in Kerio Valley,https://www.kenyanews.go.ke/tonnes-of-climate-resilient-seeds-distributed-in-kerio-valley/,2026-04-15 10:39:33,2026-05-07,2026,4,Tonnes of climate-resilient seeds distributed in Kerio Valley,[],[],0,0,61,8
Kenya News Agency,Vaccination against foot-and-mouth disease kicks off in Siaya,https://www.kenyanews.go.ke/vaccination-against-foot-and-mouth-disease-kicks-off-in-siaya/,2026-04-15 08:58:22,2026-05-07,2026,4,Vaccination against foot-and-mouth disease kicks off in Siaya,['Siaya'],[],1,0,61,8
Kenya News Agency,Kagwe tops poll as best performing cabinet secretary 2026,https://www.kenyanews.go.ke/kagwe-tops-poll-as-best-performing-cabinet-secretary-2026/,2026-04-14 20:53:19,2026-05-07,2026,4,Kagwe tops poll as best performing cabinet secretary 2026,[],[],0,0,57,9
Kenya News Agency,Kenya targets 125 percent pig industry growth by 2030,https://www.kenyanews.go.ke/kenya-targets-125-percent-pig-industry-growth-by-2030/,2026-04-14 20:07:57,2026-05-07,2026,4,Kenya targets 125 percent pig industry growth by 2030,[],[],0,0,53,9
Kenya News Agency,Chuka expo highlights solutions to post-harvest losses,https://www.kenyanews.go.ke/chuka-expo-highlights-solutions-to-post-harvest-losses/,2026-04-14 17:46:11,2026-05-07,2026,4,Chuka expo highlights solutions to post-harvest losses,[],[],0,0,54,7
Kenya News Agency,Kirinyaga trains youth in digital skills to boost agriculture,https://www.kenyanews.go.ke/kirinyaga-trains-youth-in-digital-skills-to-boost-agriculture/,2026-04-14 10:36:05,2026-05-07,2026,4,Kirinyaga trains youth in digital skills to boost agriculture,['Kirinyaga'],[],1,0,61,9
Kenya News Agency,Pig rearing transforms livelihood for Tinderet farmer,https://www.kenyanews.go.ke/pig-rearing-transforms-livelihood-for-tinderet-farmer/,2026-04-13 16:00:15,2026-05-07,2026,4,Pig rearing transforms livelihood for Tinderet farmer,[],[],0,0,53,7
Kenya News Agency,Farmer bets on dual-crop strategy to survive unpredictable seasons,https://www.kenyanews.go.ke/farmer-bets-on-dual-crop-strategy-to-survive-unpredictable-seasons/,2026-04-11 15:12:36,2026-05-07,2026,4,Farmer bets on dual-crop strategy to survive unpredictable seasons,[],[],0,0,66,9
Kenya News Agency,Sh1.7 billion Taunet hydropower project to lower tea energy costs,https://www.kenyanews.go.ke/sh1-7-billion-taunet-hydropower-project-to-lower-tea-energy-costs/,2026-04-11 12:09:25,2026-05-07,2026,4,Sh1.7 billion Taunet hydropower project to lower tea energy costs,[],['Tea'],0,1,65,10
Kenya News Agency,Improved poultry farming boosts incomes for Molo farmers,https://www.kenyanews.go.ke/improved-poultry-farming-boosts-incomes-for-molo-farmers/,2026-04-10 16:50:02,2026-05-07,2026,4,Improved poultry farming boosts incomes for Molo farmers,[],[],0,0,56,8
Kenya News Agency,Solo Sunrise pawpaw gains popularity among farmers,https://www.kenyanews.go.ke/solo-sunrise-pawpaw-gains-popularity-among-farmers/,2026-04-10 12:42:35,2026-05-07,2026,4,Solo Sunrise pawpaw gains popularity among farmers,[],[],0,0,50,7
Kenya News Agency,Govt intensifies crackdown on unlicensed macadamia dealers,https://www.kenyanews.go.ke/govt-intensifies-crackdown-on-unlicensed-macadamia-dealers/,2026-04-10 11:59:40,2026-05-07,2026,4,Govt intensifies crackdown on unlicensed macadamia dealers,[],[],0,0,58,7
Kenya News Agency,Kenya records significant increase in certified seed production,https://www.kenyanews.go.ke/kenya-records-significant-increase-in-certified-seed-production/,2026-04-09 13:24:26,2026-05-07,2026,4,Kenya records significant increase in certified seed production,[],[],0,0,63,8
Kenya News Agency,Key challenges hindering dairy farming in Vihiga,https://www.kenyanews.go.ke/key-challenges-hindering-dairy-farming-in-vihiga/,2026-04-08 17:55:47,2026-05-07,2026,4,Key challenges hindering dairy farming in Vihiga,['Vihiga'],[],1,0,48,7
Kenya News Agency,Milk surplus hits Kajiado County as prices drop,https://www.kenyanews.go.ke/milk-surplus-hits-kajiado-county-as-prices-drop/,2026-04-08 17:39:55,2026-05-07,2026,4,Milk surplus hits Kajiado County as prices drop,['Kajiado'],"['Rice', 'Milk']",1,2,47,8
Kenya News Agency,Farmers demand lifting court cases to allow Bt maize,https://www.kenyanews.go.ke/farmers-demand-lifting-court-cases-to-allow-bt-maize/,2026-04-08 16:41:28,2026-05-07,2026,4,Farmers demand lifting court cases to allow Bt maize,[],['Maize'],0,1,52,9
Kenya News Agency,Kirinyaga launches digital livestock registration and vaccination drive,https://www.kenyanews.go.ke/kirinyaga-launches-digital-livestock-registration-and-vaccination-drive/,2026-04-08 16:27:53,2026-05-07,2026,4,Kirinyaga launches digital livestock registration and vaccination drive,['Kirinyaga'],[],1,0,71,8
Kenya News Agency,Murang’a integrates organic food into school feeding programme,https://www.kenyanews.go.ke/muranga-integrates-organic-food-into-school-feeding-programme/,2026-04-08 12:24:00,2026-05-07,2026,4,Murang’a integrates organic food into school feeding programme,[],[],0,0,62,8
Kenya News Agency,Turkana County receives assorted seeds from Kenya Seed Company,https://www.kenyanews.go.ke/turkana-county-receives-assorted-seeds-from-kenya-seed-company/,2026-04-05 14:51:38,2026-05-07,2026,4,Turkana County receives assorted seeds from Kenya Seed Company,['Turkana'],[],1,0,62,9
Kenya News Agency,Narok farmers innovate to protect declining donkey numbers,https://www.kenyanews.go.ke/narok-farmers-innovate-to-protect-declining-donkey-numbers/,2026-04-04 15:13:02,2026-05-07,2026,4,Narok farmers innovate to protect declining donkey numbers,['Narok'],[],1,0,58,8
Kenya News Agency,Farmers in Migori urged to utilise government facilities and equipment,https://www.kenyanews.go.ke/farmers-in-migori-urged-to-utilise-government-facilities-and-equipment/,2026-04-04 14:22:24,2026-05-07,2026,4,Farmers in Migori urged to utilise government facilities and equipment,['Migori'],[],1,0,70,10
Kenya News Agency,Government implements sweeping reforms to streamline tea industry,https://www.kenyanews.go.ke/government-implements-sweeping-reforms-to-streamline-tea-industry/,2026-04-04 11:00:30,2026-05-07,2026,4,Government implements sweeping reforms to streamline tea industry,[],['Tea'],0,1,65,8
Kenya News Agency,Stakeholders give views on livestock traceability bill in Eldoret,https://www.kenyanews.go.ke/stakeholders-give-views-on-livestock-traceability-bill-in-eldoret/,2026-04-03 20:20:46,2026-05-07,2026,4,Stakeholders give views on livestock traceability bill in Eldoret,[],[],0,0,65,9
Kenya News Agency,Authority rolls out apiculture project to support local farmers,https://www.kenyanews.go.ke/authority-rolls-out-apiculture-project-to-support-local-farmers/,2026-04-03 20:09:30,2026-05-07,2026,4,Authority rolls out apiculture project to support local farmers,[],[],0,0,63,9
Kenya News Agency,"Proposed livestock bill to improve quality, earnings and curb theft",https://www.kenyanews.go.ke/proposed-livestock-bill-to-improve-quality-earnings-and-curb-theft/,2026-04-03 19:17:42,2026-05-07,2026,4,"Proposed livestock bill to improve quality, earnings and curb theft",[],[],0,0,67,10
Kenya News Agency,Joint Kenya–Tanzania PPR vaccination exercise launched in Kajiado,https://www.kenyanews.go.ke/joint-kenya-tanzania-ppr-vaccination-exercise-launched-in-kajiado/,2026-04-03 18:12:09,2026-05-07,2026,4,Joint Kenya–Tanzania PPR vaccination exercise launched in Kajiado,['Kajiado'],[],1,0,65,8
Kenya News Agency,Livestock bill set to unlock global market opportunities,https://www.kenyanews.go.ke/livestock-bill-set-to-unlock-global-market-opportunities/,2026-04-03 11:26:48,2026-05-07,2026,4,Livestock bill set to unlock global market opportunities,[],[],0,0,56,8
Kenya News Agency,West Pokot farmers receive certified seeds,https://www.kenyanews.go.ke/west-pokot-farmers-receive-certified-seeds/,2026-04-01 15:04:34,2026-05-07,2026,4,West Pokot farmers receive certified seeds,['West Pokot'],[],1,0,42,6
Kenya News Agency,Proposed bill seeks to boost livestock market,https://www.kenyanews.go.ke/proposed-bill-seeks-to-boost-livestock-market/,2026-04-01 14:11:53,2026-05-07,2026,4,Proposed bill seeks to boost livestock market,[],[],0,0,45,7
Kenya News Agency,Kenya steps up livestock disease detection to protect farmers and public health,https://www.kenyanews.go.ke/kenya-steps-up-livestock-disease-detection-to-protect-farmers-and-public-health/,2026-04-01 12:06:56,2026-05-07,2026,4,Kenya steps up livestock disease detection to protect farmers and public health,[],[],0,0,79,12
Kenya News Agency,Teso retired teachers turn to Avocado farming,https://www.kenyanews.go.ke/teso-retired-teachers-turn-to-avocado-farming/,2026-04-01 11:15:18,2026-05-07,2026,4,Teso retired teachers turn to Avocado farming,[],"['Tea', 'Avocado']",0,2,45,7
Kenya News Agency,"‘Strong policy framework needed in tackling HHPs,’ says regional NGOs",https://www.kenyanews.go.ke/strong-policy-framework-needed-in-tackling-hhps-says-regional-ngos/,2026-03-31 18:57:37,2026-05-07,2026,3,"‘Strong policy framework needed in tackling HHPs,’ says regional NGOs",[],[],0,0,69,10
Kenya News Agency,State begins nationwide distribution of two million fertilizer bags,https://www.kenyanews.go.ke/state-begins-nationwide-distribution-of-two-million-fertilizer-bags/,2026-03-31 18:36:06,2026-05-07,2026,3,State begins nationwide distribution of two million fertilizer bags,[],[],0,0,67,9
Kenya News Agency,"Egerton University, Kilimo Trust launch Regional Agricultural Centre",https://www.kenyanews.go.ke/egerton-university-kilimo-trust-launch-regional-agricultural-centre/,2026-03-30 20:50:59,2026-05-07,2026,3,"Egerton University, Kilimo Trust launch Regional Agricultural Centre",[],[],0,0,68,8
Kenya News Agency,"Farmers receive training, avocado seedlings to boost food security",https://www.kenyanews.go.ke/farmers-receive-training-avocado-seedlings-to-boost-food-security/,2026-03-30 18:56:41,2026-05-07,2026,3,"Farmers receive training, avocado seedlings to boost food security",[],['Avocado'],0,1,66,9
Kenya News Agency,Vihiga County supports traders to boost aquaculture value chain,https://www.kenyanews.go.ke/vihiga-county-supports-traders-to-boost-aquaculture-value-chain/,2026-03-30 18:23:42,2026-05-07,2026,3,Vihiga County supports traders to boost aquaculture value chain,['Vihiga'],[],1,0,63,9
Kenya News Agency,Climate-resilient seeds gain popularity among coastal farmers,https://www.kenyanews.go.ke/climate-resilient-seeds-gain-popularity-among-coastal-farmers/,2026-03-30 14:46:07,2026-05-07,2026,3,Climate-resilient seeds gain popularity among coastal farmers,[],[],0,0,61,7
Kenya News Agency,"AFA clears avocado export, warns against immature harvesting",https://www.kenyanews.go.ke/afa-clears-avocado-export-warns-against-immature-harvesting/,2026-03-30 11:39:02,2026-05-07,2026,3,"AFA clears avocado export, warns against immature harvesting",[],['Avocado'],0,1,60,8
Kenya News Agency,How Pearl Millet is quietly making a comeback in Kenya’s dry lands,https://www.kenyanews.go.ke/how-pearl-millet-is-quietly-making-a-comeback-in-kenyas-dry-lands/,2026-03-29 12:12:32,2026-05-07,2026,3,How Pearl Millet is quietly making a comeback in Kenya’s dry lands,[],[],0,0,66,12
Kenya News Agency,"Aquaculture consortium moves to bridge Kenya’s 450,000-metric ton fish deficit",https://www.kenyanews.go.ke/aquaculture-consortium-moves-to-bridge-kenyas-450000-metric-ton-fish-deficit/,2026-03-28 16:22:20,2026-05-07,2026,3,"Aquaculture consortium moves to bridge Kenya’s 450,000-metric ton fish deficit",[],[],0,0,78,10
Kenya News Agency,Opening season for avocado harvesting to commence next month,https://www.kenyanews.go.ke/opening-season-for-avocado-harvesting-to-commence-next-month/,2026-03-28 12:38:59,2026-05-07,2026,3,Opening season for avocado harvesting to commence next month,[],['Avocado'],0,1,60,9
Kenya News Agency,"Man reclaims rejected land, turns it to a source of livelihood",https://www.kenyanews.go.ke/man-reclaims-rejected-land-turns-it-to-a-source-of-livelihood/,2026-03-27 16:10:22,2026-05-07,2026,3,"Man reclaims rejected land, turns it to a source of livelihood",[],[],0,0,62,11
Kenya News Agency,"Over 6,000 cows so far vaccinated in Sabatia Sub County",https://www.kenyanews.go.ke/over-6000-cows-so-far-vaccinated-in-sabatia-sub-county/,2026-03-27 11:35:00,2026-05-07,2026,3,"Over 6,000 cows so far vaccinated in Sabatia Sub County",[],[],0,0,55,10
Kenya News Agency,"Kenya, Italy partner to boost coffee sector and training",https://www.kenyanews.go.ke/kenya-italy-partner-to-boost-coffee-sector-and-training/,2026-03-26 15:03:45,2026-05-07,2026,3,"Kenya, Italy partner to boost coffee sector and training",[],['Coffee'],0,1,56,9
Kenya News Agency,Maize farmers in Tinderet optimistic after last season’s losses,https://www.kenyanews.go.ke/maize-farmers-in-tinderet-optimistic-after-last-seasons-losses/,2026-03-26 14:03:36,2026-05-07,2026,3,Maize farmers in Tinderet optimistic after last season’s losses,[],['Maize'],0,1,63,9
Kenya News Agency,"Government to Settle Only Verified Coffee Farmers’ Debts, Says Oparanya",https://www.kenyanews.go.ke/government-to-settle-only-verified-coffee-farmers-debts-says-oparanya/,2026-03-26 13:31:20,2026-05-07,2026,3,"Government to Settle Only Verified Coffee Farmers’ Debts, Says Oparanya",[],['Coffee'],0,1,71,10
Kenya News Agency,Oparanya calls for audit before waiver of coffee debt,https://www.kenyanews.go.ke/oparanya-calls-for-audit-before-waiver-of-coffee-debt/,2026-03-26 13:27:11,2026-05-07,2026,3,Oparanya calls for audit before waiver of coffee debt,[],['Coffee'],0,1,53,9
Kenya News Agency,Farmers urged to adopt technology to boost coffee production,https://www.kenyanews.go.ke/farmers-urged-to-adopt-technology-to-boost-coffee-production/,2026-03-26 11:35:08,2026-05-07,2026,3,Farmers urged to adopt technology to boost coffee production,[],['Coffee'],0,1,60,9
Kenya News Agency,Government to launch modern tea testing centre in Mombasa,https://www.kenyanews.go.ke/government-to-launch-modern-tea-testing-centre-in-mombasa/,2026-03-26 11:31:09,2026-05-07,2026,3,Government to launch modern tea testing centre in Mombasa,['Mombasa'],['Tea'],1,1,57,9
Kenya News Agency,Avocado transportation at night in Murang’a banned,https://www.kenyanews.go.ke/avocado-transportation-at-night-in-muranga-banned/,2026-03-26 08:29:07,2026-05-07,2026,3,Avocado transportation at night in Murang’a banned,[],['Avocado'],0,1,50,7
Kenya News Agency,Nyandarua County prepares to launch coffee farming initiative,https://www.kenyanews.go.ke/nyandarua-county-prepares-to-launch-coffee-farming-initiative/,2026-03-25 18:49:48,2026-05-07,2026,3,Nyandarua County prepares to launch coffee farming initiative,['Nyandarua'],['Coffee'],1,1,61,8
Kenya News Agency,Africa urged to strengthen value chains to boost earnings for farmers,https://www.kenyanews.go.ke/africa-urged-to-strengthen-value-chains-to-boost-earnings-for-farmers/,2026-03-25 16:06:45,2026-05-07,2026,3,Africa urged to strengthen value chains to boost earnings for farmers,[],[],0,0,69,11
Kenya News Agency,Elgeyo Marakwet distributes iron-rich Nyota beans to vulnerable households,https://www.kenyanews.go.ke/elgeyo-marakwet-distributes-iron-rich-nyota-beans-to-vulnerable-households/,2026-03-25 15:55:20,2026-05-07,2026,3,Elgeyo Marakwet distributes iron-rich Nyota beans to vulnerable households,['Elgeyo Marakwet'],['Beans'],1,1,74,9
Kenya News Agency,Avocado farmers trained to combat persea mite pest threat,https://www.kenyanews.go.ke/avocado-farmers-trained-to-combat-persea-mite-pest-threat/,2026-03-24 10:55:46,2026-05-07,2026,3,Avocado farmers trained to combat persea mite pest threat,[],['Avocado'],0,1,57,9
Kenya News Agency,"State expands irrigation to enhance food security, incomes",https://www.kenyanews.go.ke/state-expands-irrigation-to-enhance-food-security-incomes/,2026-03-24 10:39:02,2026-05-07,2026,3,"State expands irrigation to enhance food security, incomes",[],[],0,0,58,8
Kenya News Agency,Developed nations asked to support Africa’s climate-smart agriculture,https://www.kenyanews.go.ke/developed-nations-asked-to-support-africas-climate-smart-agriculture/,2026-03-23 17:46:51,2026-05-07,2026,3,Developed nations asked to support Africa’s climate-smart agriculture,[],[],0,0,69,8
Kenya News Agency,Cheptebo field day showcases certified seeds to Kerio farmers,https://www.kenyanews.go.ke/cheptebo-field-day-showcases-certified-seeds-to-kerio-farmers/,2026-03-21 16:36:35,2026-05-07,2026,3,Cheptebo field day showcases certified seeds to Kerio farmers,[],[],0,0,61,9
Kenya News Agency,‎Lewa conservancy rolls out climate-smart agriculture program for surrounding communities,https://www.kenyanews.go.ke/%e2%80%8elewa-conservancy-rolls-out-climate-smart-agriculture-program-for-surrounding-communities/,2026-03-21 13:56:57,2026-05-07,2026,3,‎Lewa conservancy rolls out climate-smart agriculture program for surrounding communities,[],[],0,0,89,10
Kenya News Agency,Kenya promotes Juncao grass technology,https://www.kenyanews.go.ke/kenya-promotes-juncao-grass-technology/,2026-03-19 17:51:16,2026-05-07,2026,3,Kenya promotes Juncao grass technology,[],[],0,0,38,5
Kenya News Agency,Government injects Sh3.5 billion to revamp tea sector,https://www.kenyanews.go.ke/government-injects-sh3-5-billion-to-revamp-tea-sector/,2026-03-19 15:23:44,2026-05-07,2026,3,Government injects Sh3.5 billion to revamp tea sector,[],['Tea'],0,1,53,8
Kenya News Agency,Nyandarua farmers receive inputs to boost crop production,https://www.kenyanews.go.ke/nyandarua-farmers-receive-inputs-to-boost-crop-production/,2026-03-19 12:07:50,2026-05-07,2026,3,Nyandarua farmers receive inputs to boost crop production,['Nyandarua'],[],1,0,57,8
Kenya News Agency,Youths urged to embrace groundnut farming for income generation,https://www.kenyanews.go.ke/youths-urged-to-embrace-groundnut-farming-for-income-generation/,2026-03-19 11:58:02,2026-05-07,2026,3,Youths urged to embrace groundnut farming for income generation,[],[],0,0,63,9
Kenya News Agency,Govt promotes Juncao grass technology to boost livestock feed,https://www.kenyanews.go.ke/govt-promotes-juncao-grass-technology-to-boost-livestock-feed/,2026-03-18 22:05:10,2026-05-07,2026,3,Govt promotes Juncao grass technology to boost livestock feed,[],[],0,0,61,9
Kenya News Agency,Concern Worldwide partners with Turkana in livestock feed supply,https://www.kenyanews.go.ke/concern-worldwide-partners-with-turkana-in-livestock-feed-supply/,2026-03-17 12:28:26,2026-05-07,2026,3,Concern Worldwide partners with Turkana in livestock feed supply,['Turkana'],[],1,0,64,9
Kenya News Agency,Kenya secures duty-free access for agricultural exports to China,https://www.kenyanews.go.ke/kenya-secures-duty-free-access-for-agricultural-exports-to-china/,2026-03-16 16:19:25,2026-05-07,2026,3,Kenya secures duty-free access for agricultural exports to China,[],[],0,0,64,9
Kenya News Agency,Technology to change how Coffee beans are graded,https://www.kenyanews.go.ke/technology-to-change-how-coffee-beans-are-graded/,2026-03-13 21:58:03,2026-05-07,2026,3,Technology to change how Coffee beans are graded,[],"['Beans', 'Coffee']",0,2,48,8
Kenya News Agency,PS Mueke urges youth to tap opportunities in livestock sector,https://www.kenyanews.go.ke/ps-mueke-urges-youth-to-tap-opportunities-in-livestock-sector/,2026-03-13 15:53:58,2026-05-07,2026,3,PS Mueke urges youth to tap opportunities in livestock sector,[],[],0,0,61,10
Kenya News Agency,Sunflower-soybean initiative to curb edible oil import bill,https://www.kenyanews.go.ke/sunflower-soybean-initiative-to-curb-edible-oil-import-bill/,2026-03-13 15:04:25,2026-05-07,2026,3,Sunflower-soybean initiative to curb edible oil import bill,[],[],0,0,59,8
Kenya News Agency,Farmers urged to embrace new rice varieties to boost yields,https://www.kenyanews.go.ke/farmers-urged-to-embrace-new-rice-varieties-to-boost-yields/,2026-03-13 14:25:45,2026-05-07,2026,3,Farmers urged to embrace new rice varieties to boost yields,[],['Rice'],0,1,59,10
Kenya News Agency,"Selling fake seeds to farmers should be treasonable, Kagwe says",https://www.kenyanews.go.ke/selling-fake-seeds-to-farmers-should-be-treasonable-kagwe-says/,2026-03-13 12:46:22,2026-05-07,2026,3,"Selling fake seeds to farmers should be treasonable, Kagwe says",[],[],0,0,63,10
Kenya News Agency,Vihiga launches E-Voucher livestock vaccination and identification programme,https://www.kenyanews.go.ke/vihiga-launches-e-voucher-livestock-vaccination-and-identification-programme/,2026-03-13 12:43:03,2026-05-07,2026,3,Vihiga launches E-Voucher livestock vaccination and identification programme,['Vihiga'],[],1,0,76,8
Kenya News Agency,Waiguru offers seedlings to Kariti residents,https://www.kenyanews.go.ke/waiguru-offers-seedlings-to-kariti-residents/,2026-03-13 11:58:55,2026-05-07,2026,3,Waiguru offers seedlings to Kariti residents,[],[],0,0,44,6
Kenya News Agency,Government launches 20 million coffee seedlings programme,https://www.kenyanews.go.ke/government-launches-20-million-coffee-seedlings-programme/,2026-03-13 11:49:19,2026-05-07,2026,3,Government launches 20 million coffee seedlings programme,[],['Coffee'],0,1,57,7
Kenya News Agency,"Githunguri Dairy Cooperative receives 10,000-Litre milk cooling tank",https://www.kenyanews.go.ke/githunguri-dairy-cooperative-receives-10000-litre-milk-cooling-tank/,2026-03-13 10:35:52,2026-05-07,2026,3,"Githunguri Dairy Cooperative receives 10,000-Litre milk cooling tank",[],['Milk'],0,1,68,8
Kenya News Agency,Recognizing and strengthening women’s role in agrifood systems,https://www.kenyanews.go.ke/recognizing-and-strengthening-womens-role-in-agrifood-systems/,2026-03-06 09:45:53,2026-05-07,2026,3,Recognizing and strengthening women’s role in agrifood systems,[],[],0,0,62,8
Kenya News Agency,Farmers assured of sustainable rains for early planting season,https://www.kenyanews.go.ke/farmers-assured-of-sustainable-rains-for-early-planting-season/,2026-03-03 12:33:21,2026-05-07,2026,3,Farmers assured of sustainable rains for early planting season,[],[],0,0,62,9
Kenya News Agency,Machakos farmer revives indigenous seeds to boost sustainable farming,https://www.kenyanews.go.ke/machakos-farmer-revives-indigenous-seeds-to-boost-sustainable-farming/,2025-10-28 09:34:43,2026-05-07,2025,10,Machakos farmer revives indigenous seeds to boost sustainable farming,['Machakos'],[],1,0,69,9
Kenya News Agency,"Farmers trained on safe pesticide use, counterfeits",https://www.kenyanews.go.ke/farmers-trained-on-safe-pesticide-use-counterfeits/,2025-07-21 20:28:08,2026-05-07,2025,7,"Farmers trained on safe pesticide use, counterfeits",[],[],0,0,51,7
Kenya News Agency,Kenya rolls out fertiliser insurance scheme,https://www.kenyanews.go.ke/kenya-rolls-out-fertiliser-insurance-scheme/,2025-07-21 19:45:30,2026-05-07,2025,7,Kenya rolls out fertiliser insurance scheme,[],[],0,0,43,6
Kenya News Agency,Waiguru leads stakeholders’ dialogue on proposed coffee direct sales and settlement,https://www.kenyanews.go.ke/waiguru-leads-stakeholders-dialogue-on-proposed-coffee-direct-sales-and-settlement/,2025-07-20 12:18:29,2026-05-07,2025,7,Waiguru leads stakeholders’ dialogue on proposed coffee direct sales and settlement,[],['Coffee'],0,1,83,11
Kenya News Agency,State-funded poultry project transforms rural livelihoods in Nakuru,https://www.kenyanews.go.ke/state-funded-poultry-project-transforms-rural-livelihoods-in-nakuru/,2025-07-19 13:44:50,2026-05-07,2025,7,State-funded poultry project transforms rural livelihoods in Nakuru,['Nakuru'],[],1,0,67,8
Kenya News Agency,Coffee expo empowers Kirinyaga growers with modern farming skills,https://www.kenyanews.go.ke/coffee-expo-empowers-kirinyaga-growers-with-modern-farming-skills/,2025-07-19 08:13:26,2026-05-07,2025,7,Coffee expo empowers Kirinyaga growers with modern farming skills,['Kirinyaga'],['Coffee'],1,1,65,9
Kenya News Agency,EAC states urged to harmonise orthodox tea standards,https://www.kenyanews.go.ke/eac-states-urged-to-harmonise-orthodox-tea-standards/,2025-07-18 22:13:46,2026-05-07,2025,7,EAC states urged to harmonise orthodox tea standards,[],['Tea'],0,1,52,8
Kenya News Agency,The Apitherapy pioneer: one man’s journey from Engineering to rearing bees that heal,https://www.kenyanews.go.ke/the-apitherapy-pioneer-one-mans-journey-from-engineering-to-rearing-bees-that-heal/,2025-07-18 14:06:30,2026-05-07,2025,7,The Apitherapy pioneer: one man’s journey from Engineering to rearing bees that heal,[],[],0,0,84,13
Kenya News Agency,"Leaders caution against pineapples, farm produce theft in Maragua constituency",https://www.kenyanews.go.ke/leaders-caution-against-pineapples-farm-produce-theft-in-maragua-constituency/,2025-07-17 15:29:45,2026-05-07,2025,7,"Leaders caution against pineapples, farm produce theft in Maragua constituency",[],[],0,0,78,10
Kenya News Agency,Small scale farmers urged to embrace warehouse receipting system to combat losses,https://www.kenyanews.go.ke/small-scale-farmers-urged-to-embrace-warehouse-receipting-system-to-combat-losses/,2025-07-17 15:28:07,2026-05-07,2025,7,Small scale farmers urged to embrace warehouse receipting system to combat losses,[],[],0,0,81,12
Kenya News Agency,Farmers Empowered to Boost Yields Through AI,https://www.kenyanews.go.ke/farmers-empowered-to-boost-yields-through-ai/,2025-07-17 13:52:11,2026-05-07,2025,7,Farmers Empowered to Boost Yields Through AI,[],[],0,0,44,7
Kenya News Agency,Elders Decry Youth’s Edus from Farms to the Streets,https://www.kenyanews.go.ke/elders-decry-youths-edus-from-farms-to-the-streets/,2025-07-16 15:29:11,2026-05-07,2025,7,Elders Decry Youth’s Edus from Farms to the Streets,[],[],0,0,51,9
Kenya News Agency,Narok flags off KES 30 million livestock vaccines ahead of mass vaccination drive,https://www.kenyanews.go.ke/narok-flags-off-kes-30-million-livestock-vaccines-ahead-of-mass-vaccination-drive/,2025-07-16 14:53:26,2026-05-07,2025,7,Narok flags off KES 30 million livestock vaccines ahead of mass vaccination drive,['Narok'],[],1,0,81,13
Kenya News Agency,"Kenya, Korea team up to boost rice output",https://www.kenyanews.go.ke/kenya-korea-team-up-to-boost-rice-output/,2025-07-16 14:35:01,2026-05-07,2025,7,"Kenya, Korea team up to boost rice output",[],"['Rice', 'Tea']",0,2,41,8
Kenya News Agency,KALRO champions ratoon technology to boost rice production,https://www.kenyanews.go.ke/kalro-champions-ratoon-technology-to-boost-rice-production/,2025-07-15 18:02:27,2026-05-07,2025,7,KALRO champions ratoon technology to boost rice production,[],['Rice'],0,1,58,8
Kenya News Agency,Uasin Gishu empowers residents with modern beehives,https://www.kenyanews.go.ke/uasin-gishu-empowers-residents-with-modern-beehives/,2025-07-15 16:50:43,2026-05-07,2025,7,Uasin Gishu empowers residents with modern beehives,['Uasin Gishu'],[],1,0,51,7
Kenya News Agency,Experts push for tech-driven agriculture in TVETs,https://www.kenyanews.go.ke/experts-push-for-tech-driven-agriculture-in-tvets/,2025-07-15 13:51:18,2026-05-07,2025,7,Experts push for tech-driven agriculture in TVETs,[],[],0,0,49,7
Kenya News Agency,Kerio Valley youth turns sorghum into gold,https://www.kenyanews.go.ke/kerio-valley-youth-turns-sorghum-into-gold/,2025-07-15 13:45:17,2026-05-07,2025,7,Kerio Valley youth turns sorghum into gold,[],['Sorghum'],0,1,42,7
Kenya News Agency,Kericho farmers urged to embrace dairy farming to boost food security,https://www.kenyanews.go.ke/kericho-farmers-urged-to-embrace-dairy-farming-to-boost-food-security/,2025-07-13 15:21:40,2026-05-07,2025,7,Kericho farmers urged to embrace dairy farming to boost food security,['Kericho'],[],1,0,69,11
Kenya News Agency,State committed to expand coffee farming,https://www.kenyanews.go.ke/state-committed-to-expand-coffee-farming/,2025-07-12 15:59:27,2026-05-07,2025,7,State committed to expand coffee farming,[],['Coffee'],0,1,40,6
Kenya News Agency,West Pokot launches Agro-ecology policy for sustainable farming,https://www.kenyanews.go.ke/west-pokot-launches-agro-ecology-policy-for-sustainable-farming/,2025-07-12 13:19:43,2026-05-07,2025,7,West Pokot launches Agro-ecology policy for sustainable farming,['West Pokot'],[],1,0,63,8
Kenya News Agency,Kisumu set to host regional ASK Show with focus on smart farming and innovation,https://www.kenyanews.go.ke/155051-2/,2025-07-11 15:08:52,2026-05-07,2025,7,Kisumu set to host regional ASK Show with focus on smart farming and innovation,['Kisumu'],[],1,0,79,14
Kenya News Agency,Government to distribute 500 million coffee seedlings to farmers,https://www.kenyanews.go.ke/government-to-distribute-500-million-coffee-seedlings-to-farmers/,2025-07-11 14:45:07,2026-05-07,2025,7,Government to distribute 500 million coffee seedlings to farmers,[],['Coffee'],0,1,64,9
Kenya News Agency,Kenya pilots livestock chip identification system,https://www.kenyanews.go.ke/kenya-pilots-livestock-chip-identification-system/,2025-07-10 15:19:57,2026-05-07,2025,7,Kenya pilots livestock chip identification system,[],[],0,0,49,6
Kenya News Agency,How Nandi’s flagship agriculture projects are transforming livelihoods,https://www.kenyanews.go.ke/how-nandis-flagship-agriculture-projects-are-transforming-livelihoods/,2025-07-09 16:40:49,2026-05-07,2025,7,How Nandi’s flagship agriculture projects are transforming livelihoods,['Nandi'],[],1,0,70,8
Kenya News Agency,"Empower youth to venture into technology-driven, sustainable agriculture",https://www.kenyanews.go.ke/empower-youth-to-venture-into-technology-driven-sustainable-agriculture/,2025-07-09 11:12:40,2026-05-07,2025,7,"Empower youth to venture into technology-driven, sustainable agriculture",[],[],0,0,72,8
Kenya News Agency,Egerton University equips farmers with climate-resilient farming techniques,https://www.kenyanews.go.ke/egerton-university-equips-farmers-with-climate-resilient-farming-techniques/,2025-07-08 17:19:11,2026-05-07,2025,7,Egerton University equips farmers with climate-resilient farming techniques,[],[],0,0,75,8
Kenya News Agency,Booming pig farming industry transforms lives in Kiambu,https://www.kenyanews.go.ke/booming-pig-farming-industry-transforms-lives-in-kiambu/,2025-07-08 13:15:41,2026-05-07,2025,7,Booming pig farming industry transforms lives in Kiambu,['Kiambu'],[],1,0,55,8
Kenya News Agency,Kericho rolls out mass cattle vaccination to combat foot and mouth disease,https://www.kenyanews.go.ke/kericho-rolls-out-mass-cattle-vaccination-to-combat-foot-and-mouth-disease/,2025-07-08 10:58:50,2026-05-07,2025,7,Kericho rolls out mass cattle vaccination to combat foot and mouth disease,['Kericho'],[],1,0,74,12
Kenya News Agency,State woos JICA to boost rice output,https://www.kenyanews.go.ke/state-woos-jica-to-boost-rice-output/,2025-07-07 13:00:25,2026-05-07,2025,7,State woos JICA to boost rice output,[],['Rice'],0,1,36,7
Kenya News Agency,"Kirinyaga calls for consensus on coffee reforms, DSS rollout",https://www.kenyanews.go.ke/kirinyaga-calls-for-consensus-on-coffee-reforms-dss-rollout/,2025-07-06 17:49:03,2026-05-07,2025,7,"Kirinyaga calls for consensus on coffee reforms, DSS rollout",['Kirinyaga'],['Coffee'],1,1,60,9
Kenya News Agency,Goat restocking brings hope to Ngong pastoralists,https://www.kenyanews.go.ke/goat-restocking-brings-hope-to-ngong-pastoralists/,2025-07-06 15:02:40,2026-05-07,2025,7,Goat restocking brings hope to Ngong pastoralists,[],[],0,0,49,7
Kenya News Agency,Young farmer turns rice fields into business empire,https://www.kenyanews.go.ke/young-farmer-turns-rice-fields-into-business-empire/,2025-07-06 12:21:46,2026-05-07,2025,7,Young farmer turns rice fields into business empire,[],['Rice'],0,1,51,8
Kenya News Agency,MP warns direct payouts risk crippling farmer cooperatives,https://www.kenyanews.go.ke/mp-warns-direct-payouts-risk-crippling-farmer-cooperatives/,2025-07-06 10:43:27,2026-05-07,2025,7,MP warns direct payouts risk crippling farmer cooperatives,[],[],0,0,58,8
Kenya News Agency,Embobut-Embolot cereal store enhances agro-logistics,https://www.kenyanews.go.ke/embobut-embolot-cereal-store-enhances-agro-logistics/,2025-07-05 16:46:28,2026-05-07,2025,7,Embobut-Embolot cereal store enhances agro-logistics,[],[],0,0,52,5
Kenya News Agency,Govt working to revive pyrethrum industry with policy reforms,https://www.kenyanews.go.ke/govt-working-to-revive-pyrethrum-industry-with-policy-reforms/,2025-07-05 14:51:46,2026-05-07,2025,7,Govt working to revive pyrethrum industry with policy reforms,[],[],0,0,61,9
Kenya News Agency,"Adopt technology, boost yields—CS Kagwe tells farmers",https://www.kenyanews.go.ke/adopt-technology-boost-yields-cs-kagwe-tells-farmers/,2025-07-05 14:31:06,2026-05-07,2025,7,"Adopt technology, boost yields—CS Kagwe tells farmers",[],[],0,0,53,7
Kenya News Agency,Etio dam transforms lives through modern irrigation farming,https://www.kenyanews.go.ke/etio-dam-transforms-lives-through-modern-irrigation-farming/,2025-07-05 14:10:16,2026-05-07,2025,7,Etio dam transforms lives through modern irrigation farming,[],[],0,0,59,8
Kenya News Agency,Govt equips Ndarugu dairy farmers with dairy equipment,https://www.kenyanews.go.ke/govt-equips-ndarugu-dairy-farmers-with-dairy-equipment/,2025-07-05 13:45:05,2026-05-07,2025,7,Govt equips Ndarugu dairy farmers with dairy equipment,[],[],0,0,54,8
Kenya News Agency,Kagwe champions tech adoption to boost farm yields,https://www.kenyanews.go.ke/kagwe-champions-tech-adoption-to-boost-farm-yields/,2025-07-05 10:26:12,2026-05-07,2025,7,Kagwe champions tech adoption to boost farm yields,[],[],0,0,50,8
Kenya News Agency,"New KTDA magazine highlights success, reforms in tea",https://www.kenyanews.go.ke/new-ktda-magazine-highlights-success-reforms-in-tea/,2025-07-04 17:31:31,2026-05-07,2025,7,"New KTDA magazine highlights success, reforms in tea",[],['Tea'],0,1,52,8
Kenya News Agency,AFA Launches Cotton Seed Milling Equipment at Muluanda Cotton Ginnery,https://www.kenyanews.go.ke/afa-launches-cotton-seed-milling-equipment-at-muluanda-cotton-ginnery/,2025-07-01 13:51:39,2026-05-07,2025,7,AFA Launches Cotton Seed Milling Equipment at Muluanda Cotton Ginnery,[],[],0,0,69,10
Kenya News Agency,Dorper Sheep rearing gaining traction in Nakuru,https://www.kenyanews.go.ke/dorper-sheep-rearing-gaining-traction-in-nakuru/,2025-06-30 12:13:47,2026-05-07,2025,6,Dorper Sheep rearing gaining traction in Nakuru,['Nakuru'],[],1,0,47,7
Kenya News Agency,Farmers urged to preserve soil health,https://www.kenyanews.go.ke/farmers-urged-to-preserve-soil-health/,2025-06-30 10:27:55,2026-05-07,2025,6,Farmers urged to preserve soil health,[],[],0,0,37,6
Kenya News Agency,SODFI champions sustainable Agribusiness in Western Kenya,https://www.kenyanews.go.ke/sodfi-champions-sustainable-agribusiness-in-western-kenya/,2025-06-29 15:25:58,2026-05-07,2025,6,SODFI champions sustainable Agribusiness in Western Kenya,[],[],0,0,57,7
Kenya News Agency,Farmers receive tips on poultry keeping,https://www.kenyanews.go.ke/farmers-receive-tips-on-poultry-keeping/,2025-06-28 12:57:05,2026-05-07,2025,6,Farmers receive tips on poultry keeping,[],[],0,0,39,6
Kenya News Agency,Farmers challenged to ensure supply of quality tea leaves,https://www.kenyanews.go.ke/farmers-challenged-to-ensure-supply-of-quality-tea-leaves/,2025-06-27 14:35:39,2026-05-07,2025,6,Farmers challenged to ensure supply of quality tea leaves,[],['Tea'],0,1,57,9
Kenya News Agency,Youth Embrace horticulture to revive rural economies in Elgeyo Marakwet,https://www.kenyanews.go.ke/youth-embrace-horticulture-to-revive-rural-economies-in-elgeyo-marakwet/,2025-06-27 10:33:26,2026-05-07,2025,6,Youth Embrace horticulture to revive rural economies in Elgeyo Marakwet,['Elgeyo Marakwet'],[],1,0,71,10
Kenya News Agency,Kwale distributes highbred gala goats to boost livestock production,https://www.kenyanews.go.ke/kwale-distributes-highbred-gala-goats-to-boost-livestock-production/,2025-06-26 14:29:50,2026-05-07,2025,6,Kwale distributes highbred gala goats to boost livestock production,['Kwale'],[],1,0,67,9
Kenya News Agency,Government to accelerate revival of pyrethrum sector,https://www.kenyanews.go.ke/government-to-accelerate-revival-of-pyrethrum-sector/,2025-06-26 14:13:04,2026-05-07,2025,6,Government to accelerate revival of pyrethrum sector,[],[],0,0,52,7
Kenya News Agency,"Symposium towards sustainable, inclusive and resilient agriculture",https://www.kenyanews.go.ke/symposium-towards-sustainable-inclusive-and-resilient-agriculture/,2025-06-26 11:10:17,2026-05-07,2025,6,"Symposium towards sustainable, inclusive and resilient agriculture",[],[],0,0,66,7
Kenya News Agency,Kenya eyes lucrative global market with low-carbon tea,https://www.kenyanews.go.ke/kenya-eyes-lucrative-global-market-with-low-carbon-tea/,2025-06-26 10:26:12,2026-05-07,2025,6,Kenya eyes lucrative global market with low-carbon tea,[],['Tea'],0,1,54,8
Kenya News Agency,FFBS empowers community-based facilitators in Vihiga,https://www.kenyanews.go.ke/ffbs-empowers-community-based-facilitators-in-vihiga/,2025-06-26 10:22:22,2026-05-07,2025,6,FFBS empowers community-based facilitators in Vihiga,['Vihiga'],[],1,0,52,6
Kenya News Agency,"Needy Turkana families receive 4,400 goats for restocking",https://www.kenyanews.go.ke/needy-turkana-families-receive-4400-goats-for-restocking/,2025-06-26 10:17:08,2026-05-07,2025,6,"Needy Turkana families receive 4,400 goats for restocking",['Turkana'],[],1,0,57,8
Kenya News Agency,Turkana expands livestock vaccination to remote areas,https://www.kenyanews.go.ke/turkana-expands-livestock-vaccination-to-remote-areas/,2025-06-25 18:07:57,2026-05-07,2025,6,Turkana expands livestock vaccination to remote areas,['Turkana'],[],1,0,53,7
Kenya News Agency,Turkana equips artisanal miners with modern tools,https://www.kenyanews.go.ke/turkana-equips-artisanal-miners-with-modern-tools/,2025-06-25 18:01:55,2026-05-07,2025,6,Turkana equips artisanal miners with modern tools,['Turkana'],[],1,0,49,7
Kenya News Agency,"Kwale, NIA partner to scale up food security",https://www.kenyanews.go.ke/kwale-nia-partner-to-scale-up-food-security/,2025-06-25 17:55:57,2026-05-07,2025,6,"Kwale, NIA partner to scale up food security",['Kwale'],[],1,0,44,8
Kenya News Agency,Turkana families receive goats in restocking exercise,https://www.kenyanews.go.ke/turkana-families-receive-goats-in-restocking-exercise/,2025-06-25 15:39:37,2026-05-07,2025,6,Turkana families receive goats in restocking exercise,['Turkana'],[],1,0,53,7
Kenya News Agency,Kenya bags Sh39.9B from coffee exports,https://www.kenyanews.go.ke/kenya-bags-sh39-9b-from-coffee-exports/,2025-06-25 14:53:39,2026-05-07,2025,6,Kenya bags Sh39.9B from coffee exports,[],['Coffee'],0,1,38,6
Kenya News Agency,Kwale distributes 13 fibreglass boats to boost blue economy,https://www.kenyanews.go.ke/kwale-distributes-13-fibreglass-boats-to-boost-blue-economy/,2025-06-25 11:18:45,2026-05-07,2025,6,Kwale distributes 13 fibreglass boats to boost blue economy,['Kwale'],[],1,0,59,9
Kenya News Agency,County seeks to unlock Sh3B potential in poultry sub sector,https://www.kenyanews.go.ke/county-seeks-to-unlock-sh3b-potential-in-poultry-sub-sector/,2025-06-24 15:52:34,2026-05-07,2025,6,County seeks to unlock Sh3B potential in poultry sub sector,[],[],0,0,59,10
Kenya News Agency,Meru dairy farmers upbeat after govt pledges support,https://www.kenyanews.go.ke/meru-dairy-farmers-upbeat-after-govt-pledges-support/,2025-06-23 11:12:29,2026-05-07,2025,6,Meru dairy farmers upbeat after govt pledges support,['Meru'],[],1,0,52,8
Kenya News Agency,President Ruto announces cost reduction for sexed semen,https://www.kenyanews.go.ke/president-ruto-announces-cost-reduction-for-sexed-semen/,2025-06-22 12:55:33,2026-05-07,2025,6,President Ruto announces cost reduction for sexed semen,[],[],0,0,55,8
Kenya News Agency,Busia farmers adapt climate smart agriculture to tackle climate change,https://www.kenyanews.go.ke/busia-farmers-adapt-climate-smart-agriculture-to-tackle-climate-change/,2025-06-22 12:29:51,2026-05-07,2025,6,Busia farmers adapt climate smart agriculture to tackle climate change,['Busia'],[],1,0,70,10
Kenya News Agency,Embu County Ink Deal On Bio-fortified Nyota Beans Farming,https://www.kenyanews.go.ke/embu-county-ink-deal-on-bio-fortified-nyota-beans-farming/,2025-06-21 14:21:35,2026-05-07,2025,6,Embu County Ink Deal On Bio-fortified Nyota Beans Farming,['Embu'],['Beans'],1,1,57,9
Kenya News Agency,"Coffee Farmers to Benefit from Regenerative, Climate-Smart Agriculture",https://www.kenyanews.go.ke/coffee-farmers-to-benefit-from-regenerative-climate-smart-agriculture/,2025-06-21 13:14:24,2026-05-07,2025,6,"Coffee Farmers to Benefit from Regenerative, Climate-Smart Agriculture",[],['Coffee'],0,1,70,8
Kenya News Agency,Devolved units to drive modern biotech awareness,https://www.kenyanews.go.ke/devolved-units-to-drive-modern-biotech-awareness/,2025-06-20 19:12:45,2026-05-07,2025,6,Devolved units to drive modern biotech awareness,[],[],0,0,48,7
Kenya News Agency,Calls for an enabling business environment for organic inputs sector to thrive,https://www.kenyanews.go.ke/calls-for-an-enabling-business-environment-for-organic-inputs-sector-to-thrive/,2025-06-19 17:53:15,2026-05-07,2025,6,Calls for an enabling business environment for organic inputs sector to thrive,[],[],0,0,78,12
Kenya News Agency,Vulnerable households receive livestock boost in West Pokot,https://www.kenyanews.go.ke/vulnerable-households-receive-livestock-boost-in-west-pokot/,2025-06-19 17:46:23,2026-05-07,2025,6,Vulnerable households receive livestock boost in West Pokot,['West Pokot'],[],1,0,59,8
Kenya News Agency,Kenya sets bold plan to revive coffee industry,https://www.kenyanews.go.ke/kenya-sets-bold-plan-to-revive-coffee-industry/,2025-06-19 16:02:50,2026-05-07,2025,6,Kenya sets bold plan to revive coffee industry,[],['Coffee'],0,1,46,8
Kenya News Agency,Migori bans movement of pigs,https://www.kenyanews.go.ke/migori-bans-movement-of-pigs/,2025-06-19 14:42:11,2026-05-07,2025,6,Migori bans movement of pigs,['Migori'],[],1,0,28,5
Kenya News Agency,Officers issued with motorbikes to enhance agricultural extension Services,https://www.kenyanews.go.ke/officers-issued-with-motorbikes-to-enhance-agricultural-extension-services/,2025-06-19 12:30:30,2026-05-07,2025,6,Officers issued with motorbikes to enhance agricultural extension Services,[],[],0,0,74,9
Kenya News Agency,Kenya classified as a low-risk country under EU’s new deforestation regulations,https://www.kenyanews.go.ke/kenya-classified-as-a-low-risk-country-under-eus-new-deforestation-regulations/,2025-06-18 14:54:35,2026-05-07,2025,6,Kenya classified as a low-risk country under EU’s new deforestation regulations,[],[],0,0,79,11
Kenya News Agency,Vihiga leaders call for Government intervention to revive tea sector,https://www.kenyanews.go.ke/vihiga-leaders-call-for-government-intervention-to-revive-tea-sector/,2025-06-17 16:37:31,2026-05-07,2025,6,Vihiga leaders call for Government intervention to revive tea sector,['Vihiga'],['Tea'],1,1,68,10
Kenya News Agency,Pig farming initiative poised to boost agribusiness in Lari,https://www.kenyanews.go.ke/pig-farming-initiative-poised-to-boost-agribusiness-in-lari/,2025-06-17 15:35:12,2026-05-07,2025,6,Pig farming initiative poised to boost agribusiness in Lari,[],[],0,0,59,9
Kenya News Agency,Government injects Sh 3.5 billion to revitalize the tea sector,https://www.kenyanews.go.ke/government-injects-sh-3-5-billion-to-revitalize-the-tea-sector/,2025-06-17 15:32:09,2026-05-07,2025,6,Government injects Sh 3.5 billion to revitalize the tea sector,[],['Tea'],0,1,62,10
Kenya News Agency,Preparations are in top gear as ASK show beckons,https://www.kenyanews.go.ke/preparations-are-in-top-gear-as-ask-show-beckons/,2025-06-17 12:10:01,2026-05-07,2025,6,Preparations are in top gear as ASK show beckons,[],[],0,0,48,9
Kenya News Agency,Residents welcome the establishment of a research and Farmers’ Training Centre,https://www.kenyanews.go.ke/residents-welcome-the-establishment-of-a-research-and-farmers-training-centre/,2025-06-17 11:25:41,2026-05-07,2025,6,Residents welcome the establishment of a research and Farmers’ Training Centre,[],[],0,0,78,11
Kenya News Agency,Government to distribute 12.5 million bags of planting and top-dressing fertiliser,https://www.kenyanews.go.ke/government-to-distribute-12-5-million-bags-of-planting-and-top-dressing-fertiliser/,2025-06-15 15:28:07,2026-05-07,2025,6,Government to distribute 12.5 million bags of planting and top-dressing fertiliser,[],[],0,0,82,11
Kenya News Agency,‘Kahawa na Mama’ programme uplifts Nandi’s Women and revives a lost crop,https://www.kenyanews.go.ke/kahawa-na-mama-programme-uplifts-nandis-women-and-revives-a-lost-crop/,2025-06-15 15:09:16,2026-05-07,2025,6,‘Kahawa na Mama’ programme uplifts Nandi’s Women and revives a lost crop,['Nandi'],[],1,0,72,12
Kenya News Agency,Busia Sugarcane farmers agree to revive BOCO,https://www.kenyanews.go.ke/busia-sugarcane-farmers-agree-to-revive-boco/,2025-06-14 12:49:24,2026-05-07,2025,6,Busia Sugarcane farmers agree to revive BOCO,['Busia'],['Sugar'],1,1,44,7
Kenya News Agency,Oparanya rallies counties to triple coffee production,https://www.kenyanews.go.ke/oparanya-rallies-counties-to-triple-coffee-production/,2025-06-13 18:36:28,2026-05-07,2025,6,Oparanya rallies counties to triple coffee production,[],['Coffee'],0,1,53,7
Kenya News Agency,"CGA, GIZ unveils hubs to empower smallholders farmers",https://www.kenyanews.go.ke/cga-giz-unveils-hubs-to-empower-smallholders-farmers/,2025-06-13 14:55:28,2026-05-07,2025,6,"CGA, GIZ unveils hubs to empower smallholders farmers",[],[],0,0,53,8
Kenya News Agency,Govt injects Sh6M into Weiwei irrigation to boost production,https://www.kenyanews.go.ke/govt-injects-sh60m-into-weiwei-irrigation-to-boost-production/,2025-06-13 14:17:10,2026-05-07,2025,6,Govt injects Sh6M into Weiwei irrigation to boost production,[],[],0,0,60,9
Kenya News Agency,Nyamira launches dairy breed improvement programme,https://www.kenyanews.go.ke/nyamira-county-launches-dairy-breed-improvement-programme/,2025-06-12 18:27:01,2026-05-07,2025,6,Nyamira launches dairy breed improvement programme,['Nyamira'],[],1,0,50,6
Kenya News Agency,Farmers in East Ugenya receive kienyeji chicks to boost poultry production,https://www.kenyanews.go.ke/farmers-in-east-ugenya-receive-kienyeji-chicks-to-boost-poultry-production/,2025-06-12 14:21:03,2026-05-07,2025,6,Farmers in East Ugenya receive kienyeji chicks to boost poultry production,[],[],0,0,74,11
Kenya News Agency,Farmers urged to address soil health for better yields,https://www.kenyanews.go.ke/farmers-urged-to-address-soil-health-for-better-yields/,2025-06-12 14:05:08,2026-05-07,2025,6,Farmers urged to address soil health for better yields,[],[],0,0,54,9
Kenya News Agency,Biotechnology Expert reassure consumers of safety of produce,https://www.kenyanews.go.ke/biotechnology-expert-reassure-consumers-of-safety-of-produce/,2025-06-11 21:15:52,2026-05-07,2025,6,Biotechnology Expert reassure consumers of safety of produce,[],[],0,0,60,8
Kenya News Agency,CS Kagwe raises alarm on banned pesticide cartels,https://www.kenyanews.go.ke/cs-kagwe-raises-alarm-on-banned-pesticide-cartels/,2025-06-11 18:53:19,2026-05-07,2025,6,CS Kagwe raises alarm on banned pesticide cartels,[],[],0,0,49,8
Kenya News Agency,Government assures safety of GMOs,https://www.kenyanews.go.ke/government-assures-safety-of-gmos/,2025-06-11 15:08:09,2026-05-07,2025,6,Government assures safety of GMOs,[],[],0,0,33,5
Kenya News Agency,Farmers urged to embrace production and use of biochar to restore soils,https://www.kenyanews.go.ke/farmers-urged-to-embrace-production-and-use-of-biochar-to-restore-soils/,2025-06-11 13:49:38,2026-05-07,2025,6,Farmers urged to embrace production and use of biochar to restore soils,[],[],0,0,71,12
Kenya News Agency,KALRO hosts conference to strengthen agricultural research impact,https://www.kenyanews.go.ke/kalro-hosts-conference-to-strengthen-agricultural-research-impact/,2025-06-10 12:04:33,2026-05-07,2025,6,KALRO hosts conference to strengthen agricultural research impact,[],[],0,0,65,8
Kenya News Agency,Govt banks on reforms to triple coffee production,https://www.kenyanews.go.ke/govt-banks-on-reforms-to-triple-coffee-production/,2025-06-09 17:44:29,2026-05-07,2025,6,Govt banks on reforms to triple coffee production,[],['Coffee'],0,1,49,8
Kenya News Agency,Nakuru unveils AI tool to enhance agriculture,https://www.kenyanews.go.ke/nakuru-unveils-ai-tool-to-enhance-agriculture/,2025-06-09 16:00:15,2026-05-07,2025,6,Nakuru unveils AI tool to enhance agriculture,['Nakuru'],[],1,0,45,7
Kenya News Agency,Regenerative agriculture builds farmer resilience to Climate Change,https://www.kenyanews.go.ke/regenerative-agriculture-builds-farmer-resilience-to-climate-change/,2025-06-09 15:42:06,2026-05-07,2025,6,Regenerative agriculture builds farmer resilience to Climate Change,[],[],0,0,67,8
Kenya News Agency,Uasin Gishu distributes high-quality livestock seeds,https://www.kenyanews.go.ke/uasin-gishu-distributes-high-quality-livestock-seeds/,2025-06-09 13:39:42,2026-05-07,2025,6,Uasin Gishu distributes high-quality livestock seeds,['Uasin Gishu'],[],1,0,52,6
Kenya News Agency,Women turn to vegetable farming for steady income,https://www.kenyanews.go.ke/women-turn-to-vegetable-farming-for-steady-income/,2025-06-09 13:25:55,2026-05-07,2025,6,Women turn to vegetable farming for steady income,[],['Tea'],0,1,49,8
Kenya News Agency,Migori county partners with KENAF to boost agricultural production,https://www.kenyanews.go.ke/migori-county-partners-with-kenaf-to-boost-agricultural-production/,2025-06-07 15:15:49,2026-05-07,2025,6,Migori county partners with KENAF to boost agricultural production,['Migori'],[],1,0,66,9
Kenya News Agency,Farmers empowered to preserve indigenous seed varieties,https://www.kenyanews.go.ke/farmers-empowered-to-preserve-indigenous-seed-varieties/,2025-06-06 17:56:50,2026-05-07,2025,6,Farmers empowered to preserve indigenous seed varieties,[],[],0,0,55,7
Kenya News Agency,"Women adopt vertical gardens to boost food, income",https://www.kenyanews.go.ke/women-adopt-vertical-gardens-to-boost-food-income/,2025-06-06 11:09:42,2026-05-07,2025,6,"Women adopt vertical gardens to boost food, income",[],[],0,0,50,8
Kenya News Agency,Govt reaffirms ban on raw Macadamia exports,https://www.kenyanews.go.ke/govt-reaffirms-ban-on-raw-macadamia-exports/,2025-06-05 09:20:20,2026-05-07,2025,6,Govt reaffirms ban on raw Macadamia exports,[],[],0,0,43,7
Kenya News Agency,Govt upgrades agri-curricula with tech to attract youth,https://www.kenyanews.go.ke/govt-upgrades-agri-curricula-with-tech-to-attract-youth/,2025-06-04 16:38:33,2026-05-07,2025,6,Govt upgrades agri-curricula with tech to attract youth,[],[],0,0,55,8
Kenya News Agency,Govt streamlines horticulture sector for economic gains,https://www.kenyanews.go.ke/govt-streamlines-horticulture-sector-for-economic-gains/,2025-06-04 14:12:33,2026-05-07,2025,6,Govt streamlines horticulture sector for economic gains,[],[],0,0,55,7
Kenya News Agency,Farmers set to benefit from digital agricultural trading in Makueni,https://www.kenyanews.go.ke/farmers-set-to-benefit-from-digital-agricultural-trading-in-makueni/,2025-06-04 13:28:31,2026-05-07,2025,6,Farmers set to benefit from digital agricultural trading in Makueni,['Makueni'],[],1,0,67,10
Kenya News Agency,Kenya opens Africa’s biggest flower expo with calls for export reforms in trade and logistics,https://www.kenyanews.go.ke/kenya-opens-africas-biggest-flower-expo-with-calls-for-export-reforms-in-trade-and-logistics/,2025-06-03 17:58:48,2026-05-07,2025,6,Kenya opens Africa’s biggest flower expo with calls for export reforms in trade and logistics,[],[],0,0,93,15
Kenya News Agency,Scaling data and innovation to enhance soil fertility and health across Africa,https://www.kenyanews.go.ke/scaling-data-and-innovation-to-enhance-soil-fertility-and-health-across-africa/,2025-06-03 17:49:18,2026-05-07,2025,6,Scaling data and innovation to enhance soil fertility and health across Africa,[],[],0,0,78,12
Kenya News Agency,Government injects Sh20 million to upgrade Luanda Ginnery in Busia,https://www.kenyanews.go.ke/government-injects-sh20-million-to-upgrade-luanda-ginnery-in-busia/,2025-06-03 14:14:27,2026-05-07,2025,6,Government injects Sh20 million to upgrade Luanda Ginnery in Busia,['Busia'],[],1,0,66,10
Kenya News Agency,State in fresh drive to enforce 50-kg Irish potato bag rules,https://www.kenyanews.go.ke/state-in-fresh-drive-to-enforce-50-kg-irish-potato-bag-rules/,2025-06-03 13:44:34,2026-05-07,2025,6,State in fresh drive to enforce 50-kg Irish potato bag rules,[],[],0,0,60,11
Kenya News Agency,Farmers in Makueni County trained on new technologies food preservation,https://www.kenyanews.go.ke/farmers-in-makueni-county-trained-on-new-technologies-food-preservation/,2025-06-03 10:53:40,2026-05-07,2025,6,Farmers in Makueni County trained on new technologies food preservation,['Makueni'],[],1,0,71,10
Kenya News Agency,PS Mang’eni champions edible oil farming in Busia,https://www.kenyanews.go.ke/ps-mangeni-champions-edible-oil-farming-in-busia/,2025-06-01 16:44:22,2026-05-07,2025,6,PS Mang’eni champions edible oil farming in Busia,['Busia'],[],1,0,49,8
Kenya News Agency,Juncao grass offers hope to Turkana livestock keepers,https://www.kenyanews.go.ke/juncao-grass-offers-hope-to-turkana-livestock-keepers/,2025-06-01 16:05:12,2026-05-07,2025,6,Juncao grass offers hope to Turkana livestock keepers,['Turkana'],[],1,0,53,8
Kenya News Agency,"Govt restocks Turkwel Dam with 80,000 fingerlings",https://www.kenyanews.go.ke/govt-restocks-turkwel-dam-with-80000-fingerlings/,2025-05-31 18:12:45,2026-05-07,2025,5,"Govt restocks Turkwel Dam with 80,000 fingerlings",[],[],0,0,49,7
Kenya News Agency,State to purchase all Mwea rice in stock,https://www.kenyanews.go.ke/state-to-purchase-all-mwea-rice-in-stock/,2025-05-31 12:00:19,2026-05-07,2025,5,State to purchase all Mwea rice in stock,[],['Rice'],0,1,40,8
Kenya News Agency,Kenya and Brazil sign MOU to promote agriculture,https://www.kenyanews.go.ke/kenya-and-brazil-sign-mou-to-promote-agriculture/,2025-05-30 16:45:41,2026-05-07,2025,5,Kenya and Brazil sign MOU to promote agriculture,[],[],0,0,48,8
Kenya News Agency,WoFaAK Vihiga Chapter Hosts Empowerment Event to Promote Agro-Processing,https://www.kenyanews.go.ke/151435-2/,2025-05-30 16:03:26,2026-05-07,2025,5,WoFaAK Vihiga Chapter Hosts Empowerment Event to Promote Agro-Processing,['Vihiga'],[],1,0,72,9
Kenya News Agency,Boost for Murang’a avocado farmers as county launches first modern packaging plant,https://www.kenyanews.go.ke/boost-for-muranga-avocado-farmers-as-county-launches-first-modern-packaging-plant/,2025-05-30 15:50:29,2026-05-07,2025,5,Boost for Murang’a avocado farmers as county launches first modern packaging plant,[],['Avocado'],0,1,82,12
Kenya News Agency,Funding livestock disease management,https://www.kenyanews.go.ke/funding-livestock-disease-management/,2025-05-30 11:15:56,2026-05-07,2025,5,Funding livestock disease management,[],[],0,0,36,4
Kenya News Agency,Boost for coffee farmers as county constructs warehouse for storage,https://www.kenyanews.go.ke/boost-for-coffee-farmers-as-county-constructs-warehouse-for-storage/,2025-05-28 16:38:26,2026-05-07,2025,5,Boost for coffee farmers as county constructs warehouse for storage,[],['Coffee'],0,1,67,10
Kenya News Agency,Turkana scales up targeted livestock vaccination,https://www.kenyanews.go.ke/turkana-scales-up-targeted-livestock-vaccination/,2025-05-28 14:38:44,2026-05-07,2025,5,Turkana scales up targeted livestock vaccination,['Turkana'],[],1,0,48,6
Kenya News Agency,Migori County Lags Behind in Oil Crop Production,https://www.kenyanews.go.ke/migori-county-lag-behind-in-oil-crop-production/,2025-05-28 14:34:09,2026-05-07,2025,5,Migori County Lags Behind in Oil Crop Production,['Migori'],[],1,0,48,8
Kenya News Agency,Youth urged to embrace aquaculture,https://www.kenyanews.go.ke/youth-urged-to-embrace-aquaculture/,2025-05-27 17:01:48,2026-05-07,2025,5,Youth urged to embrace aquaculture,[],[],0,0,34,5
Kenya News Agency,Dairy farmer excels in rural Vihiga,https://www.kenyanews.go.ke/dairy-farmer-excels-in-rural-vihiga/,2025-05-27 12:15:03,2026-05-07,2025,5,Dairy farmer excels in rural Vihiga,['Vihiga'],[],1,0,35,6
Kenya News Agency,Challenges facing animal feeds industry in Nyahururu town,https://www.kenyanews.go.ke/challenges-facing-animal-feeds-industry-in-nyahururu-town/,2025-05-26 15:13:54,2026-05-07,2025,5,Challenges facing animal feeds industry in Nyahururu town,[],[],0,0,57,8
Kenya News Agency,Sowing seeds of hope in Elgeyo Marakwet’s green revolution,https://www.kenyanews.go.ke/sowing-seeds-of-hope-in-elgeyo-marakwets-green-revolution/,2025-05-26 15:09:48,2026-05-07,2025,5,Sowing seeds of hope in Elgeyo Marakwet’s green revolution,['Elgeyo Marakwet'],[],1,0,58,9
Kenya News Agency,Governor dismisses Egerton’s report on Nyandarua potato farming,https://www.kenyanews.go.ke/governor-dismisses-egertons-report-on-nyandarua-potato-farming/,2025-05-26 14:59:17,2026-05-07,2025,5,Governor dismisses Egerton’s report on Nyandarua potato farming,['Nyandarua'],[],1,0,63,8
Kenya News Agency,Coffee farming revived in Vihiga County to boost economy and livelihoods,https://www.kenyanews.go.ke/coffee-farming-revived-in-vihiga-county-to-boost-economy-and-livelihoods/,2025-05-26 10:16:21,2026-05-07,2025,5,Coffee farming revived in Vihiga County to boost economy and livelihoods,['Vihiga'],['Coffee'],1,1,72,11
Kenya News Agency,Kericho Bets Big on Ward-Based Cooperatives to Revolutionize Farming,https://www.kenyanews.go.ke/kericho-bets-big-on-ward-based-cooperatives-to-revolutionize-farming/,2025-05-24 17:02:44,2026-05-07,2025,5,Kericho Bets Big on Ward-Based Cooperatives to Revolutionize Farming,['Kericho'],[],1,0,68,9
Kenya News Agency,Government Issues Free Coffee Seedlings to Boost Coffee Farming in Busia,https://www.kenyanews.go.ke/government-issues-free-coffee-seedlings-to-boost-coffee-farming-in-busia/,2025-05-24 14:16:55,2026-05-07,2025,5,Government Issues Free Coffee Seedlings to Boost Coffee Farming in Busia,['Busia'],['Coffee'],1,1,72,11
Kenya News Agency,"Government to triple coffee production within five years, CS Oparanya",https://www.kenyanews.go.ke/government-to-triple-coffee-production-within-five-years-cs-oparanya/,2025-05-24 13:14:04,2026-05-07,2025,5,"Government to triple coffee production within five years, CS Oparanya",[],['Coffee'],0,1,69,10
Kenya News Agency,KALRO expands certified seed access with New Mkulima Shop in Kericho,https://www.kenyanews.go.ke/kalro-expands-certified-seed-access-with-new-mkulima-shop-in-kericho/,2025-05-23 17:58:52,2026-05-07,2025,5,KALRO expands certified seed access with New Mkulima Shop in Kericho,['Kericho'],[],1,0,68,11
Kenya News Agency,County routes for climate-smart agriculture to boost potato production,https://www.kenyanews.go.ke/county-routes-for-climate-smart-agriculture-to-boost-potato-production/,2025-05-23 17:04:16,2026-05-07,2025,5,County routes for climate-smart agriculture to boost potato production,[],[],0,0,70,9
Kenya News Agency,Farmers gain vital insights from agriculture expo on sustainable & resilient farming,https://www.kenyanews.go.ke/farmers-gain-vital-insights-from-agriculture-expo-on-sustainable-resilient-farming/,2025-05-23 14:23:24,2026-05-07,2025,5,Farmers gain vital insights from agriculture expo on sustainable & resilient farming,[],[],0,0,84,12
Kenya News Agency,FINAS 2025 summit closes with a call to re-think financing for the agricultural sector,https://www.kenyanews.go.ke/finas-2025-summit-closes-with-a-call-to-re-think-financing-for-the-agricultural-sector/,2025-05-23 14:13:23,2026-05-07,2025,5,FINAS 2025 summit closes with a call to re-think financing for the agricultural sector,[],[],0,0,86,14
Kenya News Agency,Experts to meet and address matters Biotechnology,https://www.kenyanews.go.ke/experts-to-meet-and-address-matters-biotechnology/,2025-05-23 11:28:02,2026-05-07,2025,5,Experts to meet and address matters Biotechnology,[],[],0,0,49,7
Kenya News Agency,Establishing robust testing key in fighting Maize Lethal Necrosis,https://www.kenyanews.go.ke/establishing-robust-testing-key-in-fighting-maize-lethal-necrosis/,2025-05-23 11:23:58,2026-05-07,2025,5,Establishing robust testing key in fighting Maize Lethal Necrosis,[],['Maize'],0,1,65,9
Kenya News Agency,"Let your ideas make economic sense before venturing, Youths Urged",https://www.kenyanews.go.ke/let-your-ideas-make-sense-before-venturing-youths-urged/,2025-05-22 16:29:13,2026-05-07,2025,5,"Let your ideas make economic sense before venturing, Youths Urged",[],[],0,0,65,10
Kenya News Agency,Power of financial inclusion making small holder farmer bankable,https://www.kenyanews.go.ke/power-of-financial-inclusion-making-small-holder-farmer-bankable/,2025-05-22 15:40:51,2026-05-07,2025,5,Power of financial inclusion making small holder farmer bankable,[],[],0,0,64,9
Kenya News Agency,Government unveils bold reforms to boost tea sector and farmers’ welfare,https://www.kenyanews.go.ke/government-unveils-bold-reforms-to-boost-tea-sector-and-farmers-welfare/,2025-05-22 11:25:11,2026-05-07,2025,5,Government unveils bold reforms to boost tea sector and farmers’ welfare,[],['Tea'],0,1,72,11
Kenya News Agency,County Launches Tea Buying Centre and Agricultural Equipment for Belgut Farmers,https://www.kenyanews.go.ke/county-launches-tea-buying-centre-and-agricultural-equipment-for-belgut-farmers/,2025-05-22 11:13:34,2026-05-07,2025,5,County Launches Tea Buying Centre and Agricultural Equipment for Belgut Farmers,[],['Tea'],0,1,79,11
Kenya News Agency,Apiculture yields Sh19.23 billion in GDP,https://www.kenyanews.go.ke/apiculture-yields-sh19-23-billion-in-gdp/,2025-05-21 16:03:02,2026-05-07,2025,5,Apiculture yields Sh19.23 billion in GDP,[],[],0,0,40,6
Kenya News Agency,Caring for Chicken to Minimise the Mortality Rate,https://www.kenyanews.go.ke/caring-for-chicken-to-minimise-the-mortality-rate/,2025-05-21 15:47:52,2026-05-07,2025,5,Caring for Chicken to Minimise the Mortality Rate,[],[],0,0,49,8
Kenya News Agency,Mangu Ward benefit from Agricultural revitalization Program,https://www.kenyanews.go.ke/mangu-ward-benefit-from-agricultural-revitalization-program/,2025-05-21 14:30:11,2026-05-07,2025,5,Mangu Ward benefit from Agricultural revitalization Program,[],[],0,0,59,7
Kenya News Agency,Weeds and pest killers a threat to bees’ survival,https://www.kenyanews.go.ke/weeds-and-pest-killers-a-threat-to-bees-survival/,2025-05-21 14:21:02,2026-05-07,2025,5,Weeds and pest killers a threat to bees’ survival,[],[],0,0,49,9
Kenya News Agency,The COMESA variety catalogue database ensures reliable quality of seeds,https://www.kenyanews.go.ke/the-comesa-variety-catalogue-database-ensures-reliable-quality-of-seeds/,2025-05-21 09:51:10,2026-05-07,2025,5,The COMESA variety catalogue database ensures reliable quality of seeds,[],[],0,0,71,10
Kenya News Agency,Kenya collaborates with regional states to ensure access to improved seeds varieties,https://www.kenyanews.go.ke/kenya-collaborates-with-regional-states-to-ensure-access-to-improved-seeds-varieties/,2025-05-20 17:18:42,2026-05-07,2025,5,Kenya collaborates with regional states to ensure access to improved seeds varieties,[],[],0,0,84,12
Kenya News Agency,FINAS 2025 conference Kicks Off,https://www.kenyanews.go.ke/finas-2025-conference-kicks-off/,2025-05-20 16:23:22,2026-05-07,2025,5,FINAS 2025 conference Kicks Off,[],[],0,0,31,5
Kenya News Agency,"Expect even higher payouts, coffee farmers told",https://www.kenyanews.go.ke/expect-even-higher-payouts-coffee-farmers-told/,2025-05-20 16:04:08,2026-05-07,2025,5,"Expect even higher payouts, coffee farmers told",[],['Coffee'],0,1,47,7
Kenya News Agency,Cassava: The smart crop transforming lives in Elgeyo Marakwet’s Kerio Valley,https://www.kenyanews.go.ke/cassava-the-smart-crop-transforming-lives-in-elgeyo-marakwets-kerio-valley/,2025-05-18 11:36:10,2026-05-07,2025,5,Cassava: The smart crop transforming lives in Elgeyo Marakwet’s Kerio Valley,['Elgeyo Marakwet'],['Cassava'],1,1,76,11
Kenya News Agency,"Uasin Gishu coffee farmers to receive 200,000 to boost production",https://www.kenyanews.go.ke/uasin-gishu-coffee-farmers-to-receive-200000-to-boost-production/,2025-05-18 11:07:16,2026-05-07,2025,5,"Uasin Gishu coffee farmers to receive 200,000 to boost production",['Uasin Gishu'],['Coffee'],1,1,65,10
Kenya News Agency,Youth embrace zero-waste model rabbit rearing venture,https://www.kenyanews.go.ke/youth-embrace-zero-waste-model-rabbit-rearing-venture/,2025-05-17 15:43:37,2026-05-07,2025,5,Youth embrace zero-waste model rabbit rearing venture,[],[],0,0,53,7
Kenya News Agency,Kwale farmers embrace climate resilience agriculture to increase productivity,https://www.kenyanews.go.ke/kwale-farmers-embrace-climate-resilience-agriculture-to-increase-productivity/,2025-05-17 13:44:15,2026-05-07,2025,5,Kwale farmers embrace climate resilience agriculture to increase productivity,['Kwale'],[],1,0,77,9
Kenya News Agency,Farmers benefit with quality seeds and modern farming techniques,https://www.kenyanews.go.ke/farmers-benefit-with-quality-seeds-and-modern-farming-techniques/,2025-05-15 17:46:26,2026-05-07,2025,5,Farmers benefit with quality seeds and modern farming techniques,[],[],0,0,64,9
Kenya News Agency,Rooted in resilience: How cassava is powering Kenya’s climate-smart future,https://www.kenyanews.go.ke/rooted-in-resilience-how-cassava-is-powering-kenyas-climate-smart-future/,2025-05-15 17:05:55,2026-05-07,2025,5,Rooted in resilience: How cassava is powering Kenya’s climate-smart future,[],['Cassava'],0,1,74,10
Kenya News Agency,Success by Kelcop creating jobs in the country through livestock production,https://www.kenyanews.go.ke/success-by-kelcop-creating-jobs-in-the-country-through-livestock-production/,2025-05-15 15:14:55,2026-05-07,2025,5,Success by Kelcop creating jobs in the country through livestock production,[],[],0,0,75,11
Kenya News Agency,Keiyo residents receive heifers from the county government,https://www.kenyanews.go.ke/keiyo-residents-receive-heifers-from-the-county-government/,2025-05-15 15:11:10,2026-05-07,2025,5,Keiyo residents receive heifers from the county government,[],[],0,0,58,8
Kenya News Agency,IFAD conducts KeLCoP mid-term review in Kakamega County,https://www.kenyanews.go.ke/ifad-conducts-kelcop-mid-term-review-in-kakamega-county/,2025-05-15 14:54:28,2026-05-07,2025,5,IFAD conducts KeLCoP mid-term review in Kakamega County,['Kakamega'],[],1,0,55,8
Kenya News Agency,Dairy farmers urged to leverage on ongoing rains for fodder,https://www.kenyanews.go.ke/dairy-farmers-urged-to-leverage-on-on-going-rains-for-fodder/,2025-05-14 15:12:31,2026-05-07,2025,5,Dairy farmers urged to leverage on ongoing rains for fodder,[],[],0,0,59,10
Kenya News Agency,Agricultural experts vouche for organic urban farming,https://www.kenyanews.go.ke/agricultural-experts-vouche-for-organic-urban-farming/,2025-05-14 15:02:03,2026-05-07,2025,5,Agricultural experts vouche for organic urban farming,[],[],0,0,53,7
Kenya News Agency,Nairobi to host International Floriculture Expo in June,https://www.kenyanews.go.ke/nairobi-to-host-international-floriculture-expo-in-june/,2025-05-14 10:26:32,2026-05-07,2025,5,Nairobi to host International Floriculture Expo in June,['Nairobi'],[],1,0,55,8
Kenya News Agency,Farmers Adopt Smart Agriculture for Sustainability,https://www.kenyanews.go.ke/farmers-adopt-smart-agriculture-for-sustainability/,2025-05-13 12:35:23,2026-05-07,2025,5,Farmers Adopt Smart Agriculture for Sustainability,[],[],0,0,50,6
Kenya News Agency,Nakuru governor spearheads revival of pyrethrum growing,https://www.kenyanews.go.ke/nakuru-governor-spearheads-revival-of-pyrethrum-growing/,2025-05-13 11:20:52,2026-05-07,2025,5,Nakuru governor spearheads revival of pyrethrum growing,['Nakuru'],[],1,0,55,7
Kenya News Agency,"Over 25,000 goats and sheep vaccinated and treated",https://www.kenyanews.go.ke/over-25000-goats-and-sheep-vaccinated-and-treated/,2025-05-13 10:20:08,2026-05-07,2025,5,"Over 25,000 goats and sheep vaccinated and treated",[],[],0,0,50,8
Kenya News Agency,Cane Farmers Demand Sony Sugar Company to Settle Sh317 Million Debts,https://www.kenyanews.go.ke/cane-farmers-demand-sony-sugar-company-to-settle-sh317-million-debts/,2025-05-12 09:24:38,2026-05-07,2025,5,Cane Farmers Demand Sony Sugar Company to Settle Sh317 Million Debts,[],['Sugar'],0,1,68,11
Kenya News Agency,Government completes the leasing process of four sugar factories,https://www.kenyanews.go.ke/government-completes-the-leasing-process-of-four-sugar-factories/,2025-05-11 15:30:03,2026-05-07,2025,5,Government completes the leasing process of four sugar factories,[],['Sugar'],0,1,64,9
Kenya News Agency,Government to pay dues owed to sugarcane farmers and sugar factory workers,https://www.kenyanews.go.ke/government-to-pay-dues-owed-to-sugarcane-farmers-and-sugar-factory-workers/,2025-05-10 16:07:05,2026-05-07,2025,5,Government to pay dues owed to sugarcane farmers and sugar factory workers,[],['Sugar'],0,1,74,12
Kenya News Agency,Siaya County trains farmers on good practices,https://www.kenyanews.go.ke/siaya-county-trains-farmers-on-good-practices/,2025-05-09 14:45:26,2026-05-07,2025,5,Siaya County trains farmers on good practices,['Siaya'],[],1,0,45,7
Kenya News Agency,Organization equips village-based agents with skills to bolster agribusiness,https://www.kenyanews.go.ke/organization-equips-village-based-agents-with-skills-to-bolster-agribusiness/,2025-05-09 13:31:02,2026-05-07,2025,5,Organization equips village-based agents with skills to bolster agribusiness,[],[],0,0,76,9
Kenya News Agency,Government assures the public on the safety of GMO products,https://www.kenyanews.go.ke/government-assures-the-public-on-the-safety-of-gmo-products/,2025-05-09 12:53:19,2026-05-07,2025,5,Government assures the public on the safety of GMO products,[],[],0,0,59,10
